Timestamp,Data
1742693134.000000,[0.115192]
1742693134.000000,[0.115192]
1742693134.000000,[0.115192]
1742693135.000000,[0.115192]
1742693135.000000,[0.115192]
1742693135.000000,[0.115192]
1742693135.000000,[0.115192]
1742693135.000000,[0.115192]
1742693135.000000,[0.115192]
1742693135.000000,[0.115192]
1742693135.000000,[0.115192]
1742693135.000000,[0.115192]
1742693135.000000,[0.115192]
1742693135.000000,[0.115192]
1742693135.000000,[0.115192]
1742693135.000000,[0.115192]
1742693135.000000,[0.115192]
1742693135.000000,[0.115192]
1742693135.000000,[0.115192]
1742693135.000000,[0.115192]
1742693135.000000,[0.115192]
1742693135.000000,[0.115192]
1742693135.000000,[0.115192]
1742693135.000000,[0.115192]
1742693135.000000,[0.115192]
1742693135.000000,[0.115192]
1742693135.000000,[0.115192]
1742693135.000000,[0.115192]
1742693135.000000,[0.115192]
1742693135.000000,[0.115192]
1742693135.000000,[0.115192]
1742693135.000000,[0.115192]
1742693135.000000,[0.115192]
1742693135.000000,[0.115192]
1742693135.000000,[0.115192]
1742693135.000000,[0.115192]
1742693135.000000,[0.115192]
1742693135.000000,[0.115192]
1742693135.000000,[0.115192]
1742693135.000000,[0.115192]
1742693135.000000,[0.115192]
1742693135.000000,[0.115192]
1742693135.000000,[0.115192]
1742693135.000000,[0.115192]
1742693135.000000,[0.115192]
1742693135.000000,[0.115192]
1742693135.000000,[0.115192]
1742693135.000000,[0.115192]
1742693135.000000,[0.115192]
1742693135.000000,[0.115192]
1742693135.000000,[0.115192]
1742693135.000000,[0.115192]
1742693135.000000,[0.115192]
1742693136.000000,[0.115192]
1742693136.000000,[0.115192]
1742693136.000000,[0.115192]
1742693136.000000,[0.115192]
1742693136.000000,[0.115192]
1742693136.000000,[0.115192]
1742693136.000000,[0.115192]
1742693136.000000,[0.115192]
1742693136.000000,[0.115192]
1742693136.000000,[0.115192]
1742693136.000000,[0.115192]
1742693136.000000,[0.115192]
1742693136.000000,[0.115192]
1742693136.000000,[0.115192]
1742693136.000000,[0.115192]
1742693136.000000,[0.115192]
1742693136.000000,[0.115192]
1742693136.000000,[0.115192]
1742693136.000000,[0.115192]
1742693136.000000,[0.115192]
1742693136.000000,[0.115192]
1742693136.000000,[0.115192]
1742693136.000000,[0.115192]
1742693136.000000,[0.115192]
1742693136.000000,[0.115192]
1742693136.000000,[0.115192]
1742693136.000000,[0.115192]
1742693136.000000,[0.115192]
1742693136.000000,[0.115192]
1742693136.000000,[0.115192]
1742693136.000000,[0.115192]
1742693136.000000,[0.115192]
1742693136.000000,[0.115192]
1742693136.000000,[0.115192]
1742693136.000000,[0.115192]
1742693136.000000,[0.115192]
1742693136.000000,[0.115192]
1742693136.000000,[0.115192]
1742693136.000000,[0.115192]
1742693136.000000,[0.115192]
1742693136.000000,[0.115192]
1742693136.000000,[0.115192]
1742693136.000000,[0.115192]
1742693136.000000,[0.115192]
1742693136.000000,[0.115192]
1742693136.000000,[0.115192]
1742693136.000000,[0.115192]
1742693136.000000,[0.115192]
1742693136.000000,[0.115192]
1742693136.000000,[0.115192]
1742693137.000000,[0.115192]
1742693137.000000,[0.115192]
1742693137.000000,[0.115192]
1742693137.000000,[0.115192]
1742693137.000000,[0.115192]
1742693137.000000,[0.115192]
1742693137.000000,[0.115192]
1742693137.000000,[0.115192]
1742693137.000000,[0.115192]
1742693137.000000,[0.115192]
1742693137.000000,[0.115192]
1742693137.000000,[0.115192]
1742693137.000000,[0.115192]
1742693137.000000,[0.115192]
1742693137.000000,[0.115192]
1742693137.000000,[0.115192]
1742693137.000000,[0.115192]
1742693137.000000,[0.115192]
1742693137.000000,[0.115192]
1742693137.000000,[0.104720]
1742693137.000000,[0.104720]
1742693137.000000,[0.104720]
1742693137.000000,[0.094248]
1742693137.000000,[0.094248]
1742693137.000000,[0.083776]
1742693137.000000,[0.083776]
1742693137.000000,[0.083776]
1742693137.000000,[0.083776]
1742693137.000000,[0.083776]
1742693137.000000,[0.083776]
1742693137.000000,[0.083776]
1742693137.000000,[0.083776]
1742693137.000000,[0.083776]
1742693137.000000,[0.083776]
1742693137.000000,[0.083776]
1742693137.000000,[0.083776]
1742693137.000000,[0.083776]
1742693137.000000,[0.083776]
1742693137.000000,[0.083776]
1742693137.000000,[0.083776]
1742693137.000000,[0.083776]
1742693137.000000,[0.083776]
1742693137.000000,[0.083776]
1742693137.000000,[0.083776]
1742693137.000000,[0.083776]
1742693137.000000,[0.083776]
1742693137.000000,[0.083776]
1742693137.000000,[0.083776]
1742693137.000000,[0.083776]
1742693137.000000,[0.083776]
1742693138.000000,[0.083776]
1742693138.000000,[0.083776]
1742693138.000000,[0.083776]
1742693138.000000,[0.083776]
1742693138.000000,[0.083776]
1742693138.000000,[0.083776]
1742693138.000000,[0.083776]
1742693138.000000,[0.083776]
1742693138.000000,[0.083776]
1742693138.000000,[0.083776]
1742693138.000000,[0.083776]
1742693138.000000,[0.083776]
1742693138.000000,[0.083776]
1742693138.000000,[0.083776]
1742693138.000000,[0.083776]
1742693138.000000,[0.083776]
1742693138.000000,[0.083776]
1742693138.000000,[0.083776]
1742693138.000000,[0.083776]
1742693138.000000,[0.083776]
1742693138.000000,[0.083776]
1742693138.000000,[0.083776]
1742693138.000000,[0.083776]
1742693138.000000,[0.083776]
1742693138.000000,[0.083776]
1742693138.000000,[0.083776]
1742693138.000000,[0.083776]
1742693138.000000,[0.083776]
1742693138.000000,[0.083776]
1742693138.000000,[0.083776]
1742693138.000000,[0.083776]
1742693138.000000,[0.083776]
1742693138.000000,[0.083776]
1742693138.000000,[0.083776]
1742693138.000000,[0.083776]
1742693138.000000,[0.083776]
1742693138.000000,[0.083776]
1742693138.000000,[0.083776]
1742693138.000000,[0.083776]
1742693138.000000,[0.083776]
1742693138.000000,[0.083776]
1742693138.000000,[0.083776]
1742693138.000000,[0.083776]
1742693138.000000,[0.083776]
1742693138.000000,[0.083776]
1742693138.000000,[0.083776]
1742693138.000000,[0.083776]
1742693138.000000,[0.083776]
1742693138.000000,[0.083776]
1742693138.000000,[0.083776]
1742693139.000000,[0.083776]
1742693139.000000,[0.083776]
1742693139.000000,[0.083776]
1742693139.000000,[0.083776]
1742693139.000000,[0.083776]
1742693139.000000,[0.083776]
1742693139.000000,[0.083776]
1742693139.000000,[0.083776]
1742693139.000000,[0.083776]
1742693139.000000,[0.083776]
1742693139.000000,[0.083776]
1742693139.000000,[0.083776]
1742693139.000000,[0.083776]
1742693139.000000,[0.083776]
1742693139.000000,[0.083776]
1742693139.000000,[0.083776]
1742693139.000000,[0.083776]
1742693139.000000,[0.083776]
1742693139.000000,[0.083776]
1742693139.000000,[0.083776]
1742693139.000000,[0.083776]
1742693139.000000,[0.083776]
1742693139.000000,[0.083776]
1742693139.000000,[0.083776]
1742693139.000000,[0.083776]
1742693139.000000,[0.083776]
1742693139.000000,[0.083776]
1742693139.000000,[0.083776]
1742693139.000000,[0.083776]
1742693139.000000,[0.083776]
1742693139.000000,[0.083776]
1742693139.000000,[0.083776]
1742693139.000000,[0.083776]
1742693139.000000,[0.083776]
1742693139.000000,[0.083776]
1742693139.000000,[0.083776]
1742693139.000000,[0.083776]
1742693139.000000,[0.083776]
1742693139.000000,[0.083776]
1742693139.000000,[0.083776]
1742693139.000000,[0.083776]
1742693139.000000,[0.083776]
1742693139.000000,[0.083776]
1742693139.000000,[0.083776]
1742693139.000000,[0.083776]
1742693139.000000,[0.083776]
1742693139.000000,[0.083776]
1742693139.000000,[0.083776]
1742693139.000000,[0.083776]
1742693139.000000,[0.083776]
1742693140.000000,[0.083776]
1742693140.000000,[0.083776]
1742693140.000000,[0.083776]
1742693140.000000,[0.083776]
1742693140.000000,[0.083776]
1742693140.000000,[0.083776]
1742693140.000000,[0.083776]
1742693140.000000,[0.083776]
1742693140.000000,[0.083776]
1742693140.000000,[0.083776]
1742693140.000000,[0.083776]
1742693140.000000,[0.083776]
1742693140.000000,[0.083776]
1742693140.000000,[0.083776]
1742693140.000000,[0.083776]
1742693140.000000,[0.083776]
1742693140.000000,[0.083776]
1742693140.000000,[0.083776]
1742693140.000000,[0.083776]
1742693140.000000,[0.083776]
1742693140.000000,[0.083776]
1742693140.000000,[0.083776]
1742693140.000000,[0.083776]
1742693140.000000,[0.083776]
1742693140.000000,[0.083776]
1742693140.000000,[0.083776]
1742693140.000000,[0.083776]
1742693140.000000,[0.083776]
1742693140.000000,[0.083776]
1742693140.000000,[0.083776]
1742693140.000000,[0.083776]
1742693140.000000,[0.083776]
1742693140.000000,[0.083776]
1742693140.000000,[0.083776]
1742693140.000000,[0.083776]
1742693140.000000,[0.083776]
1742693140.000000,[0.083776]
1742693140.000000,[0.083776]
1742693140.000000,[0.083776]
1742693140.000000,[0.083776]
1742693140.000000,[0.083776]
1742693140.000000,[0.083776]
1742693140.000000,[0.083776]
1742693140.000000,[0.083776]
1742693140.000000,[0.083776]
1742693140.000000,[0.083776]
1742693140.000000,[0.083776]
1742693140.000000,[0.083776]
1742693140.000000,[0.083776]
1742693140.000000,[0.083776]
1742693141.000000,[0.083776]
1742693141.000000,[0.083776]
1742693141.000000,[0.083776]
1742693141.000000,[0.083776]
1742693141.000000,[0.083776]
1742693141.000000,[0.083776]
1742693141.000000,[0.083776]
1742693141.000000,[0.083776]
1742693141.000000,[0.083776]
1742693141.000000,[0.083776]
1742693141.000000,[0.083776]
1742693141.000000,[0.083776]
1742693141.000000,[0.083776]
1742693141.000000,[0.083776]
1742693141.000000,[0.083776]
1742693141.000000,[0.083776]
1742693141.000000,[0.083776]
1742693141.000000,[0.083776]
1742693141.000000,[0.083776]
1742693141.000000,[0.083776]
1742693141.000000,[0.083776]
1742693141.000000,[0.083776]
1742693141.000000,[0.083776]
1742693141.000000,[0.083776]
1742693141.000000,[0.083776]
1742693141.000000,[0.083776]
1742693141.000000,[0.083776]
1742693141.000000,[0.083776]
1742693141.000000,[0.083776]
1742693141.000000,[0.083776]
1742693141.000000,[0.083776]
1742693141.000000,[0.083776]
1742693141.000000,[0.083776]
1742693141.000000,[0.083776]
1742693141.000000,[0.083776]
1742693141.000000,[0.083776]
1742693141.000000,[0.083776]
1742693141.000000,[0.083776]
1742693141.000000,[0.083776]
1742693141.000000,[0.083776]
1742693141.000000,[0.083776]
1742693141.000000,[0.083776]
1742693141.000000,[0.083776]
1742693141.000000,[0.083776]
1742693141.000000,[0.083776]
1742693141.000000,[0.083776]
1742693141.000000,[0.083776]
1742693141.000000,[0.083776]
1742693141.000000,[0.083776]
1742693141.000000,[0.083776]
1742693142.000000,[0.083776]
1742693142.000000,[0.083776]
1742693142.000000,[0.083776]
1742693142.000000,[0.083776]
1742693142.000000,[0.083776]
1742693142.000000,[0.083776]
1742693142.000000,[0.083776]
1742693142.000000,[0.083776]
1742693142.000000,[0.083776]
1742693142.000000,[0.083776]
1742693142.000000,[0.083776]
1742693142.000000,[0.083776]
1742693142.000000,[0.083776]
1742693142.000000,[0.083776]
1742693142.000000,[0.083776]
1742693142.000000,[0.083776]
1742693142.000000,[0.083776]
1742693142.000000,[0.083776]
1742693142.000000,[0.083776]
1742693142.000000,[0.083776]
1742693142.000000,[0.083776]
1742693142.000000,[0.083776]
1742693142.000000,[0.083776]
1742693142.000000,[0.083776]
1742693142.000000,[0.083776]
1742693142.000000,[0.083776]
1742693142.000000,[0.083776]
1742693142.000000,[0.083776]
1742693142.000000,[0.083776]
1742693142.000000,[0.083776]
1742693142.000000,[0.083776]
1742693142.000000,[0.083776]
1742693142.000000,[0.083776]
1742693142.000000,[0.083776]
1742693142.000000,[0.094248]
1742693142.000000,[0.094248]
1742693142.000000,[0.104720]
1742693142.000000,[0.104720]
1742693142.000000,[0.104720]
1742693142.000000,[0.104720]
1742693142.000000,[0.115192]
1742693142.000000,[0.115192]
1742693142.000000,[0.125664]
1742693142.000000,[0.125664]
1742693142.000000,[0.125664]
1742693142.000000,[0.136136]
1742693142.000000,[0.136136]
1742693142.000000,[0.146608]
1742693142.000000,[0.146608]
1742693142.000000,[0.157080]
1742693143.000000,[0.157080]
1742693143.000000,[0.167552]
1742693143.000000,[0.167552]
1742693143.000000,[0.178024]
1742693143.000000,[0.178024]
1742693143.000000,[0.188496]
1742693143.000000,[0.188496]
1742693143.000000,[0.188496]
1742693143.000000,[0.198968]
1742693143.000000,[0.209440]
1742693143.000000,[0.209440]
1742693143.000000,[0.219911]
1742693143.000000,[0.230383]
1742693143.000000,[0.230383]
1742693143.000000,[0.240855]
1742693143.000000,[0.251327]
1742693143.000000,[0.251327]
1742693143.000000,[0.261799]
1742693143.000000,[0.272271]
1742693143.000000,[0.272271]
1742693143.000000,[0.282743]
1742693143.000000,[0.282743]
1742693143.000000,[0.293215]
1742693143.000000,[0.293215]
1742693143.000000,[0.303687]
1742693143.000000,[0.303687]
1742693143.000000,[0.314159]
1742693143.000000,[0.324631]
1742693143.000000,[0.324631]
1742693143.000000,[0.335103]
1742693143.000000,[0.335103]
1742693143.000000,[0.345575]
1742693143.000000,[0.345575]
1742693143.000000,[0.356047]
1742693143.000000,[0.356047]
1742693143.000000,[0.356047]
1742693143.000000,[0.366519]
1742693143.000000,[0.366519]
1742693143.000000,[0.366519]
1742693143.000000,[0.376991]
1742693143.000000,[0.376991]
1742693143.000000,[0.376991]
1742693143.000000,[0.387463]
1742693143.000000,[0.387463]
1742693143.000000,[0.387463]
1742693143.000000,[0.397935]
1742693143.000000,[0.397935]
1742693143.000000,[0.408407]
1742693143.000000,[0.408407]
1742693143.000000,[0.418879]
1742693144.000000,[0.418879]
1742693144.000000,[0.418879]
1742693144.000000,[0.429351]
1742693144.000000,[0.439823]
1742693144.000000,[0.439823]
1742693144.000000,[0.450295]
1742693144.000000,[0.450295]
1742693144.000000,[0.460767]
1742693144.000000,[0.460767]
1742693144.000000,[0.471239]
1742693144.000000,[0.471239]
1742693144.000000,[0.481711]
1742693144.000000,[0.481711]
1742693144.000000,[0.492183]
1742693144.000000,[0.492183]
1742693144.000000,[0.502655]
1742693144.000000,[0.502655]
1742693144.000000,[0.513127]
1742693144.000000,[0.513127]
1742693144.000000,[0.513127]
1742693144.000000,[0.523599]
1742693144.000000,[0.523599]
1742693144.000000,[0.534071]
1742693144.000000,[0.534071]
1742693144.000000,[0.534071]
1742693144.000000,[0.544543]
1742693144.000000,[0.544543]
1742693144.000000,[0.544543]
1742693144.000000,[0.555015]
1742693144.000000,[0.555015]
1742693144.000000,[0.565487]
1742693144.000000,[0.565487]
1742693144.000000,[0.575959]
1742693144.000000,[0.575959]
1742693144.000000,[0.586431]
1742693144.000000,[0.586431]
1742693144.000000,[0.596903]
1742693144.000000,[0.596903]
1742693144.000000,[0.596903]
1742693144.000000,[0.607375]
1742693144.000000,[0.607375]
1742693144.000000,[0.617847]
1742693144.000000,[0.617847]
1742693144.000000,[0.628319]
1742693144.000000,[0.628319]
1742693144.000000,[0.638790]
1742693144.000000,[0.638790]
1742693144.000000,[0.638790]
1742693144.000000,[0.649262]
1742693144.000000,[0.649262]
1742693145.000000,[0.649262]
1742693145.000000,[0.649262]
1742693145.000000,[0.649262]
1742693145.000000,[0.649262]
1742693145.000000,[0.659734]
1742693145.000000,[0.659734]
1742693145.000000,[0.659734]
1742693145.000000,[0.659734]
1742693145.000000,[0.659734]
1742693145.000000,[0.659734]
1742693145.000000,[0.659734]
1742693145.000000,[0.659734]
1742693145.000000,[0.670206]
1742693145.000000,[0.670206]
1742693145.000000,[0.670206]
1742693145.000000,[0.670206]
1742693145.000000,[0.670206]
1742693145.000000,[0.670206]
1742693145.000000,[0.670206]
1742693145.000000,[0.670206]
1742693145.000000,[0.670206]
1742693145.000000,[0.670206]
1742693145.000000,[0.670206]
1742693145.000000,[0.670206]
1742693145.000000,[0.670206]
1742693145.000000,[0.670206]
1742693145.000000,[0.670206]
1742693145.000000,[0.670206]
1742693145.000000,[0.670206]
1742693145.000000,[0.659734]
1742693145.000000,[0.659734]
1742693145.000000,[0.659734]
1742693145.000000,[0.649262]
1742693145.000000,[0.649262]
1742693145.000000,[0.649262]
1742693145.000000,[0.638790]
1742693145.000000,[0.638790]
1742693145.000000,[0.628319]
1742693145.000000,[0.628319]
1742693145.000000,[0.617847]
1742693145.000000,[0.617847]
1742693145.000000,[0.607375]
1742693145.000000,[0.607375]
1742693145.000000,[0.596903]
1742693145.000000,[0.586431]
1742693145.000000,[0.586431]
1742693145.000000,[0.575959]
1742693145.000000,[0.575959]
1742693145.000000,[0.565487]
1742693145.000000,[0.565487]
1742693146.000000,[0.555015]
1742693146.000000,[0.555015]
1742693146.000000,[0.544543]
1742693146.000000,[0.544543]
1742693146.000000,[0.544543]
1742693146.000000,[0.534071]
1742693146.000000,[0.534071]
1742693146.000000,[0.523599]
1742693146.000000,[0.523599]
1742693146.000000,[0.523599]
1742693146.000000,[0.513127]
1742693146.000000,[0.513127]
1742693146.000000,[0.513127]
1742693146.000000,[0.502655]
1742693146.000000,[0.502655]
1742693146.000000,[0.502655]
1742693146.000000,[0.492183]
1742693146.000000,[0.492183]
1742693146.000000,[0.492183]
1742693146.000000,[0.481711]
1742693146.000000,[0.481711]
1742693146.000000,[0.481711]
1742693146.000000,[0.471239]
1742693146.000000,[0.471239]
1742693146.000000,[0.471239]
1742693146.000000,[0.460767]
1742693146.000000,[0.460767]
1742693146.000000,[0.460767]
1742693146.000000,[0.450295]
1742693146.000000,[0.450295]
1742693146.000000,[0.450295]
1742693146.000000,[0.439823]
1742693146.000000,[0.429351]
1742693146.000000,[0.429351]
1742693146.000000,[0.418879]
1742693146.000000,[0.418879]
1742693146.000000,[0.408407]
1742693146.000000,[0.408407]
1742693146.000000,[0.397935]
1742693146.000000,[0.397935]
1742693146.000000,[0.387463]
1742693146.000000,[0.387463]
1742693146.000000,[0.376991]
1742693146.000000,[0.376991]
1742693146.000000,[0.376991]
1742693146.000000,[0.366519]
1742693146.000000,[0.366519]
1742693146.000000,[0.366519]
1742693146.000000,[0.356047]
1742693146.000000,[0.356047]
1742693147.000000,[0.345575]
1742693147.000000,[0.345575]
1742693147.000000,[0.335103]
1742693147.000000,[0.335103]
1742693147.000000,[0.324631]
1742693147.000000,[0.324631]
1742693147.000000,[0.314159]
1742693147.000000,[0.314159]
1742693147.000000,[0.303687]
1742693147.000000,[0.303687]
1742693147.000000,[0.293215]
1742693147.000000,[0.293215]
1742693147.000000,[0.282743]
1742693147.000000,[0.282743]
1742693147.000000,[0.282743]
1742693147.000000,[0.272271]
1742693147.000000,[0.272271]
1742693147.000000,[0.272271]
1742693147.000000,[0.261799]
1742693147.000000,[0.261799]
1742693147.000000,[0.251327]
1742693147.000000,[0.251327]
1742693147.000000,[0.251327]
1742693147.000000,[0.240855]
1742693147.000000,[0.240855]
1742693147.000000,[0.240855]
1742693147.000000,[0.230383]
1742693147.000000,[0.230383]
1742693147.000000,[0.219911]
1742693147.000000,[0.219911]
1742693147.000000,[0.209440]
1742693147.000000,[0.209440]
1742693147.000000,[0.198968]
1742693147.000000,[0.198968]
1742693147.000000,[0.198968]
1742693147.000000,[0.188496]
1742693147.000000,[0.188496]
1742693147.000000,[0.188496]
1742693147.000000,[0.178024]
1742693147.000000,[0.178024]
1742693147.000000,[0.178024]
1742693147.000000,[0.167552]
1742693147.000000,[0.167552]
1742693147.000000,[0.157080]
1742693147.000000,[0.157080]
1742693147.000000,[0.146608]
1742693147.000000,[0.146608]
1742693147.000000,[0.146608]
1742693147.000000,[0.136136]
1742693147.000000,[0.136136]
1742693148.000000,[0.125664]
1742693148.000000,[0.125664]
1742693148.000000,[0.125664]
1742693148.000000,[0.115192]
1742693148.000000,[0.115192]
1742693148.000000,[0.115192]
1742693148.000000,[0.115192]
1742693148.000000,[0.115192]
1742693148.000000,[0.104720]
1742693148.000000,[0.104720]
1742693148.000000,[0.104720]
1742693148.000000,[0.104720]
1742693148.000000,[0.104720]
1742693148.000000,[0.094248]
1742693148.000000,[0.094248]
1742693148.000000,[0.094248]
1742693148.000000,[0.083776]
1742693148.000000,[0.083776]
1742693148.000000,[0.083776]
1742693148.000000,[0.083776]
1742693148.000000,[0.073304]
1742693148.000000,[0.073304]
1742693148.000000,[0.073304]
1742693148.000000,[0.073304]
1742693148.000000,[0.073304]
1742693148.000000,[0.073304]
1742693148.000000,[0.073304]
1742693148.000000,[0.073304]
1742693148.000000,[0.073304]
1742693148.000000,[0.062832]
1742693148.000000,[0.062832]
1742693148.000000,[0.062832]
1742693148.000000,[0.062832]
1742693148.000000,[0.062832]
1742693148.000000,[0.062832]
1742693148.000000,[0.062832]
1742693148.000000,[0.062832]
1742693148.000000,[0.062832]
1742693148.000000,[0.062832]
1742693148.000000,[0.062832]
1742693148.000000,[0.062832]
1742693148.000000,[0.062832]
1742693148.000000,[0.062832]
1742693148.000000,[0.062832]
1742693148.000000,[0.062832]
1742693148.000000,[0.062832]
1742693148.000000,[0.062832]
1742693148.000000,[0.062832]
1742693148.000000,[0.062832]
1742693148.000000,[0.062832]
1742693149.000000,[0.062832]
1742693149.000000,[0.062832]
1742693149.000000,[0.062832]
1742693149.000000,[0.062832]
1742693149.000000,[0.062832]
1742693149.000000,[0.062832]
1742693149.000000,[0.062832]
1742693149.000000,[0.062832]
1742693149.000000,[0.062832]
1742693149.000000,[0.062832]
1742693149.000000,[0.062832]
1742693149.000000,[0.062832]
1742693149.000000,[0.062832]
1742693149.000000,[0.062832]
1742693149.000000,[0.062832]
1742693149.000000,[0.062832]
1742693149.000000,[0.062832]
1742693149.000000,[0.062832]
1742693149.000000,[0.073304]
1742693149.000000,[0.083776]
1742693149.000000,[0.083776]
1742693149.000000,[0.094248]
1742693149.000000,[0.104720]
1742693149.000000,[0.115192]
1742693149.000000,[0.125664]
1742693149.000000,[0.136136]
1742693149.000000,[0.146608]
1742693149.000000,[0.146608]
1742693149.000000,[0.157080]
1742693149.000000,[0.167552]
1742693149.000000,[0.178024]
1742693149.000000,[0.188496]
1742693149.000000,[0.198968]
1742693149.000000,[0.209440]
1742693149.000000,[0.219911]
1742693149.000000,[0.219911]
1742693149.000000,[0.230383]
1742693149.000000,[0.240855]
1742693149.000000,[0.251327]
1742693149.000000,[0.261799]
1742693149.000000,[0.261799]
1742693149.000000,[0.272271]
1742693149.000000,[0.282743]
1742693149.000000,[0.282743]
1742693149.000000,[0.293215]
1742693149.000000,[0.303687]
1742693149.000000,[0.303687]
1742693149.000000,[0.314159]
1742693149.000000,[0.324631]
1742693149.000000,[0.324631]
1742693150.000000,[0.335103]
1742693150.000000,[0.335103]
1742693150.000000,[0.345575]
1742693150.000000,[0.356047]
1742693150.000000,[0.356047]
1742693150.000000,[0.366519]
1742693150.000000,[0.366519]
1742693150.000000,[0.376991]
1742693150.000000,[0.376991]
1742693150.000000,[0.376991]
1742693150.000000,[0.387463]
1742693150.000000,[0.387463]
1742693150.000000,[0.397935]
1742693150.000000,[0.397935]
1742693150.000000,[0.408407]
1742693150.000000,[0.418879]
1742693150.000000,[0.418879]
1742693150.000000,[0.429351]
1742693150.000000,[0.429351]
1742693150.000000,[0.439823]
1742693150.000000,[0.450295]
1742693150.000000,[0.450295]
1742693150.000000,[0.460767]
1742693150.000000,[0.460767]
1742693150.000000,[0.471239]
1742693150.000000,[0.471239]
1742693150.000000,[0.481711]
1742693150.000000,[0.481711]
1742693150.000000,[0.492183]
1742693150.000000,[0.492183]
1742693150.000000,[0.502655]
1742693150.000000,[0.502655]
1742693150.000000,[0.513127]
1742693150.000000,[0.513127]
1742693150.000000,[0.513127]
1742693150.000000,[0.523599]
1742693150.000000,[0.523599]
1742693150.000000,[0.534071]
1742693150.000000,[0.534071]
1742693150.000000,[0.534071]
1742693150.000000,[0.544543]
1742693150.000000,[0.544543]
1742693150.000000,[0.544543]
1742693150.000000,[0.555015]
1742693150.000000,[0.555015]
1742693150.000000,[0.565487]
1742693150.000000,[0.565487]
1742693150.000000,[0.575959]
1742693150.000000,[0.575959]
1742693150.000000,[0.575959]
1742693151.000000,[0.586431]
1742693151.000000,[0.586431]
1742693151.000000,[0.596903]
1742693151.000000,[0.596903]
1742693151.000000,[0.596903]
1742693151.000000,[0.607375]
1742693151.000000,[0.607375]
1742693151.000000,[0.617847]
1742693151.000000,[0.617847]
1742693151.000000,[0.628319]
1742693151.000000,[0.628319]
1742693151.000000,[0.638790]
1742693151.000000,[0.638790]
1742693151.000000,[0.649262]
1742693151.000000,[0.649262]
1742693151.000000,[0.649262]
1742693151.000000,[0.659734]
1742693151.000000,[0.659734]
1742693151.000000,[0.659734]
1742693151.000000,[0.659734]
1742693151.000000,[0.670206]
1742693151.000000,[0.670206]
1742693151.000000,[0.670206]
1742693151.000000,[0.670206]
1742693151.000000,[0.670206]
1742693151.000000,[0.670206]
1742693151.000000,[0.670206]
1742693151.000000,[0.670206]
1742693151.000000,[0.670206]
1742693151.000000,[0.670206]
1742693151.000000,[0.670206]
1742693151.000000,[0.670206]
1742693151.000000,[0.670206]
1742693151.000000,[0.670206]
1742693151.000000,[0.670206]
1742693151.000000,[0.670206]
1742693151.000000,[0.670206]
1742693151.000000,[0.670206]
1742693151.000000,[0.670206]
1742693151.000000,[0.670206]
1742693151.000000,[0.670206]
1742693151.000000,[0.670206]
1742693151.000000,[0.670206]
1742693151.000000,[0.670206]
1742693151.000000,[0.670206]
1742693151.000000,[0.670206]
1742693151.000000,[0.670206]
1742693151.000000,[0.670206]
1742693151.000000,[0.670206]
1742693151.000000,[0.670206]
1742693152.000000,[0.670206]
1742693152.000000,[0.659734]
1742693152.000000,[0.659734]
1742693152.000000,[0.659734]
1742693152.000000,[0.659734]
1742693152.000000,[0.649262]
1742693152.000000,[0.649262]
1742693152.000000,[0.638790]
1742693152.000000,[0.638790]
1742693152.000000,[0.628319]
1742693152.000000,[0.628319]
1742693152.000000,[0.617847]
1742693152.000000,[0.617847]
1742693152.000000,[0.607375]
1742693152.000000,[0.607375]
1742693152.000000,[0.596903]
1742693152.000000,[0.596903]
1742693152.000000,[0.586431]
1742693152.000000,[0.586431]
1742693152.000000,[0.575959]
1742693152.000000,[0.575959]
1742693152.000000,[0.575959]
1742693152.000000,[0.565487]
1742693152.000000,[0.565487]
1742693152.000000,[0.555015]
1742693152.000000,[0.555015]
1742693152.000000,[0.544543]
1742693152.000000,[0.544543]
1742693152.000000,[0.534071]
1742693152.000000,[0.534071]
1742693152.000000,[0.523599]
1742693152.000000,[0.523599]
1742693152.000000,[0.513127]
1742693152.000000,[0.513127]
1742693152.000000,[0.513127]
1742693152.000000,[0.502655]
1742693152.000000,[0.502655]
1742693152.000000,[0.492183]
1742693152.000000,[0.492183]
1742693152.000000,[0.481711]
1742693152.000000,[0.481711]
1742693152.000000,[0.471239]
1742693152.000000,[0.471239]
1742693152.000000,[0.460767]
1742693152.000000,[0.460767]
1742693152.000000,[0.450295]
1742693152.000000,[0.450295]
1742693152.000000,[0.450295]
1742693152.000000,[0.439823]
1742693152.000000,[0.439823]
1742693153.000000,[0.439823]
1742693153.000000,[0.429351]
1742693153.000000,[0.429351]
1742693153.000000,[0.418879]
1742693153.000000,[0.418879]
1742693153.000000,[0.408407]
1742693153.000000,[0.408407]
1742693153.000000,[0.397935]
1742693153.000000,[0.397935]
1742693153.000000,[0.387463]
1742693153.000000,[0.387463]
1742693153.000000,[0.387463]
1742693153.000000,[0.376991]
1742693153.000000,[0.376991]
1742693153.000000,[0.366519]
1742693153.000000,[0.366519]
1742693153.000000,[0.356047]
1742693153.000000,[0.345575]
1742693153.000000,[0.345575]
1742693153.000000,[0.335103]
1742693153.000000,[0.335103]
1742693153.000000,[0.324631]
1742693153.000000,[0.314159]
1742693153.000000,[0.314159]
1742693153.000000,[0.303687]
1742693153.000000,[0.303687]
1742693153.000000,[0.293215]
1742693153.000000,[0.293215]
1742693153.000000,[0.282743]
1742693153.000000,[0.282743]
1742693153.000000,[0.272271]
1742693153.000000,[0.272271]
1742693153.000000,[0.261799]
1742693153.000000,[0.251327]
1742693153.000000,[0.251327]
1742693153.000000,[0.240855]
1742693153.000000,[0.230383]
1742693153.000000,[0.230383]
1742693153.000000,[0.219911]
1742693153.000000,[0.219911]
1742693153.000000,[0.209440]
1742693153.000000,[0.198968]
1742693153.000000,[0.198968]
1742693153.000000,[0.198968]
1742693153.000000,[0.188496]
1742693153.000000,[0.188496]
1742693153.000000,[0.178024]
1742693153.000000,[0.178024]
1742693153.000000,[0.167552]
1742693153.000000,[0.167552]
1742693154.000000,[0.157080]
1742693154.000000,[0.157080]
1742693154.000000,[0.146608]
1742693154.000000,[0.146608]
1742693154.000000,[0.146608]
1742693154.000000,[0.136136]
1742693154.000000,[0.136136]
1742693154.000000,[0.136136]
1742693154.000000,[0.136136]
1742693154.000000,[0.125664]
1742693154.000000,[0.125664]
1742693154.000000,[0.115192]
1742693154.000000,[0.115192]
1742693154.000000,[0.115192]
1742693154.000000,[0.115192]
1742693154.000000,[0.104720]
1742693154.000000,[0.104720]
1742693154.000000,[0.104720]
1742693154.000000,[0.094248]
1742693154.000000,[0.094248]
1742693154.000000,[0.094248]
1742693154.000000,[0.094248]
1742693154.000000,[0.083776]
1742693154.000000,[0.083776]
1742693154.000000,[0.083776]
1742693154.000000,[0.083776]
1742693154.000000,[0.083776]
1742693154.000000,[0.083776]
1742693154.000000,[0.083776]
1742693154.000000,[0.083776]
1742693154.000000,[0.083776]
1742693154.000000,[0.083776]
1742693154.000000,[0.083776]
1742693154.000000,[0.083776]
1742693154.000000,[0.083776]
1742693154.000000,[0.083776]
1742693154.000000,[0.083776]
1742693154.000000,[0.083776]
1742693154.000000,[0.083776]
1742693154.000000,[0.083776]
1742693154.000000,[0.083776]
1742693154.000000,[0.083776]
1742693154.000000,[0.083776]
1742693154.000000,[0.083776]
1742693154.000000,[0.083776]
1742693154.000000,[0.083776]
1742693154.000000,[0.083776]
1742693154.000000,[0.083776]
1742693154.000000,[0.083776]
1742693154.000000,[0.083776]
1742693155.000000,[0.083776]
1742693155.000000,[0.083776]
1742693155.000000,[0.083776]
1742693155.000000,[0.083776]
1742693155.000000,[0.083776]
1742693155.000000,[0.083776]
1742693155.000000,[0.083776]
1742693155.000000,[0.083776]
1742693155.000000,[0.083776]
1742693155.000000,[0.083776]
1742693155.000000,[0.083776]
1742693155.000000,[0.083776]
1742693155.000000,[0.083776]
1742693155.000000,[0.083776]
1742693155.000000,[0.083776]
1742693155.000000,[0.083776]
1742693155.000000,[0.083776]
1742693155.000000,[0.083776]
1742693155.000000,[0.083776]
1742693155.000000,[0.083776]
1742693155.000000,[0.083776]
1742693155.000000,[0.083776]
1742693155.000000,[0.083776]
1742693155.000000,[0.083776]
1742693155.000000,[0.083776]
1742693155.000000,[0.083776]
1742693155.000000,[0.083776]
1742693155.000000,[0.083776]
1742693155.000000,[0.083776]
1742693155.000000,[0.083776]
1742693155.000000,[0.083776]
1742693155.000000,[0.083776]
1742693155.000000,[0.083776]
1742693155.000000,[0.083776]
1742693155.000000,[0.083776]
1742693155.000000,[0.083776]
1742693155.000000,[0.083776]
1742693155.000000,[0.083776]
1742693155.000000,[0.083776]
1742693155.000000,[0.083776]
1742693155.000000,[0.094248]
1742693155.000000,[0.104720]
1742693155.000000,[0.104720]
1742693155.000000,[0.115192]
1742693155.000000,[0.125664]
1742693155.000000,[0.136136]
1742693155.000000,[0.146608]
1742693155.000000,[0.157080]
1742693155.000000,[0.167552]
1742693155.000000,[0.178024]
1742693156.000000,[0.188496]
1742693156.000000,[0.198968]
1742693156.000000,[0.209440]
1742693156.000000,[0.219911]
1742693156.000000,[0.230383]
1742693156.000000,[0.230383]
1742693156.000000,[0.240855]
1742693156.000000,[0.251327]
1742693156.000000,[0.261799]
1742693156.000000,[0.261799]
1742693156.000000,[0.272271]
1742693156.000000,[0.282743]
1742693156.000000,[0.282743]
1742693156.000000,[0.293215]
1742693156.000000,[0.293215]
1742693156.000000,[0.303687]
1742693156.000000,[0.303687]
1742693156.000000,[0.314159]
1742693156.000000,[0.314159]
1742693156.000000,[0.324631]
1742693156.000000,[0.324631]
1742693156.000000,[0.335103]
1742693156.000000,[0.335103]
1742693156.000000,[0.345575]
1742693156.000000,[0.345575]
1742693156.000000,[0.356047]
1742693156.000000,[0.356047]
1742693156.000000,[0.366519]
1742693156.000000,[0.366519]
1742693156.000000,[0.376991]
1742693156.000000,[0.376991]
1742693156.000000,[0.387463]
1742693156.000000,[0.387463]
1742693156.000000,[0.397935]
1742693156.000000,[0.397935]
1742693156.000000,[0.408407]
1742693156.000000,[0.408407]
1742693156.000000,[0.418879]
1742693156.000000,[0.418879]
1742693156.000000,[0.418879]
1742693156.000000,[0.429351]
1742693156.000000,[0.429351]
1742693156.000000,[0.439823]
1742693156.000000,[0.439823]
1742693156.000000,[0.439823]
1742693156.000000,[0.450295]
1742693156.000000,[0.450295]
1742693156.000000,[0.450295]
1742693156.000000,[0.460767]
1742693156.000000,[0.460767]
1742693157.000000,[0.460767]
1742693157.000000,[0.471239]
1742693157.000000,[0.471239]
1742693157.000000,[0.481711]
1742693157.000000,[0.481711]
1742693157.000000,[0.481711]
1742693157.000000,[0.492183]
1742693157.000000,[0.492183]
1742693157.000000,[0.492183]
1742693157.000000,[0.502655]
1742693157.000000,[0.502655]
1742693157.000000,[0.513127]
1742693157.000000,[0.513127]
1742693157.000000,[0.513127]
1742693157.000000,[0.523599]
1742693157.000000,[0.523599]
1742693157.000000,[0.534071]
1742693157.000000,[0.534071]
1742693157.000000,[0.534071]
1742693157.000000,[0.544543]
1742693157.000000,[0.544543]
1742693157.000000,[0.544543]
1742693157.000000,[0.555015]
1742693157.000000,[0.555015]
1742693157.000000,[0.555015]
1742693157.000000,[0.565487]
1742693157.000000,[0.565487]
1742693157.000000,[0.565487]
1742693157.000000,[0.575959]
1742693157.000000,[0.575959]
1742693157.000000,[0.575959]
1742693157.000000,[0.575959]
1742693157.000000,[0.586431]
1742693157.000000,[0.586431]
1742693157.000000,[0.586431]
1742693157.000000,[0.596903]
1742693157.000000,[0.596903]
1742693157.000000,[0.596903]
1742693157.000000,[0.596903]
1742693157.000000,[0.607375]
1742693157.000000,[0.607375]
1742693157.000000,[0.607375]
1742693157.000000,[0.617847]
1742693157.000000,[0.617847]
1742693157.000000,[0.617847]
1742693157.000000,[0.617847]
1742693157.000000,[0.617847]
1742693157.000000,[0.628319]
1742693157.000000,[0.628319]
1742693157.000000,[0.628319]
1742693158.000000,[0.638790]
1742693158.000000,[0.638790]
1742693158.000000,[0.638790]
1742693158.000000,[0.638790]
1742693158.000000,[0.649262]
1742693158.000000,[0.649262]
1742693158.000000,[0.649262]
1742693158.000000,[0.649262]
1742693158.000000,[0.659734]
1742693158.000000,[0.659734]
1742693158.000000,[0.659734]
1742693158.000000,[0.659734]
1742693158.000000,[0.659734]
1742693158.000000,[0.659734]
1742693158.000000,[0.659734]
1742693158.000000,[0.659734]
1742693158.000000,[0.659734]
1742693158.000000,[0.659734]
1742693158.000000,[0.659734]
1742693158.000000,[0.659734]
1742693158.000000,[0.670206]
1742693158.000000,[0.670206]
1742693158.000000,[0.670206]
1742693158.000000,[0.670206]
1742693158.000000,[0.670206]
1742693158.000000,[0.670206]
1742693158.000000,[0.670206]
1742693158.000000,[0.670206]
1742693158.000000,[0.670206]
1742693158.000000,[0.670206]
1742693158.000000,[0.670206]
1742693158.000000,[0.670206]
1742693158.000000,[0.670206]
1742693158.000000,[0.659734]
1742693158.000000,[0.659734]
1742693158.000000,[0.649262]
1742693158.000000,[0.649262]
1742693158.000000,[0.638790]
1742693158.000000,[0.638790]
1742693158.000000,[0.628319]
1742693158.000000,[0.617847]
1742693158.000000,[0.617847]
1742693158.000000,[0.607375]
1742693158.000000,[0.607375]
1742693158.000000,[0.596903]
1742693158.000000,[0.586431]
1742693158.000000,[0.586431]
1742693158.000000,[0.575959]
1742693158.000000,[0.575959]
1742693158.000000,[0.565487]
1742693159.000000,[0.555015]
1742693159.000000,[0.555015]
1742693159.000000,[0.544543]
1742693159.000000,[0.544543]
1742693159.000000,[0.534071]
1742693159.000000,[0.534071]
1742693159.000000,[0.523599]
1742693159.000000,[0.523599]
1742693159.000000,[0.513127]
1742693159.000000,[0.502655]
1742693159.000000,[0.502655]
1742693159.000000,[0.492183]
1742693159.000000,[0.481711]
1742693159.000000,[0.471239]
1742693159.000000,[0.471239]
1742693159.000000,[0.460767]
1742693159.000000,[0.450295]
1742693159.000000,[0.450295]
1742693159.000000,[0.439823]
1742693159.000000,[0.429351]
1742693159.000000,[0.418879]
1742693159.000000,[0.408407]
1742693159.000000,[0.408407]
1742693159.000000,[0.397935]
1742693159.000000,[0.397935]
1742693159.000000,[0.387463]
1742693159.000000,[0.387463]
1742693159.000000,[0.376991]
1742693159.000000,[0.376991]
1742693159.000000,[0.366519]
1742693159.000000,[0.356047]
1742693159.000000,[0.356047]
1742693159.000000,[0.345575]
1742693159.000000,[0.335103]
1742693159.000000,[0.335103]
1742693159.000000,[0.324631]
1742693159.000000,[0.314159]
1742693159.000000,[0.314159]
1742693159.000000,[0.303687]
1742693159.000000,[0.293215]
1742693159.000000,[0.282743]
1742693159.000000,[0.282743]
1742693159.000000,[0.272271]
1742693159.000000,[0.261799]
1742693159.000000,[0.251327]
1742693159.000000,[0.240855]
1742693159.000000,[0.240855]
1742693159.000000,[0.230383]
1742693159.000000,[0.219911]
1742693159.000000,[0.209440]
1742693160.000000,[0.209440]
1742693160.000000,[0.198968]
1742693160.000000,[0.198968]
1742693160.000000,[0.188496]
1742693160.000000,[0.188496]
1742693160.000000,[0.178024]
1742693160.000000,[0.178024]
1742693160.000000,[0.178024]
1742693160.000000,[0.178024]
1742693160.000000,[0.167552]
1742693160.000000,[0.167552]
1742693160.000000,[0.167552]
1742693160.000000,[0.167552]
1742693160.000000,[0.157080]
1742693160.000000,[0.157080]
1742693160.000000,[0.146608]
1742693160.000000,[0.146608]
1742693160.000000,[0.136136]
1742693160.000000,[0.136136]
1742693160.000000,[0.125664]
1742693160.000000,[0.115192]
1742693160.000000,[0.115192]
1742693160.000000,[0.104720]
1742693160.000000,[0.094248]
1742693160.000000,[0.094248]
1742693160.000000,[0.083776]
1742693160.000000,[0.083776]
1742693160.000000,[0.073304]
1742693160.000000,[0.073304]
1742693160.000000,[0.062832]
1742693160.000000,[0.062832]
1742693160.000000,[0.052360]
1742693160.000000,[0.052360]
1742693160.000000,[0.041888]
1742693160.000000,[0.041888]
1742693160.000000,[0.041888]
1742693160.000000,[0.031416]
1742693160.000000,[0.031416]
1742693160.000000,[0.031416]
1742693160.000000,[0.031416]
1742693160.000000,[0.031416]
1742693160.000000,[0.031416]
1742693160.000000,[0.031416]
1742693160.000000,[0.031416]
1742693160.000000,[0.031416]
1742693160.000000,[0.031416]
1742693160.000000,[0.031416]
1742693160.000000,[0.031416]
1742693160.000000,[0.031416]
1742693160.000000,[0.031416]
1742693161.000000,[0.031416]
1742693161.000000,[0.031416]
1742693161.000000,[0.031416]
1742693161.000000,[0.031416]
1742693161.000000,[0.031416]
1742693161.000000,[0.031416]
1742693161.000000,[0.031416]
1742693161.000000,[0.031416]
1742693161.000000,[0.031416]
1742693161.000000,[0.031416]
1742693161.000000,[0.031416]
1742693161.000000,[0.031416]
1742693161.000000,[0.031416]
1742693161.000000,[0.031416]
1742693161.000000,[0.031416]
1742693161.000000,[0.031416]
1742693161.000000,[0.031416]
1742693161.000000,[0.031416]
1742693161.000000,[0.031416]
1742693161.000000,[0.031416]
1742693161.000000,[0.031416]
1742693161.000000,[0.031416]
1742693161.000000,[0.031416]
1742693161.000000,[0.031416]
1742693161.000000,[0.031416]
1742693161.000000,[0.031416]
1742693161.000000,[0.031416]
1742693161.000000,[0.031416]
1742693161.000000,[0.031416]
1742693161.000000,[0.031416]
1742693161.000000,[0.031416]
1742693161.000000,[0.031416]
1742693161.000000,[0.031416]
1742693161.000000,[0.031416]
1742693161.000000,[0.031416]
1742693161.000000,[0.031416]
1742693161.000000,[0.041888]
1742693161.000000,[0.052360]
1742693161.000000,[0.052360]
1742693161.000000,[0.062832]
1742693161.000000,[0.073304]
1742693161.000000,[0.083776]
1742693161.000000,[0.094248]
1742693161.000000,[0.104720]
1742693161.000000,[0.115192]
1742693161.000000,[0.125664]
1742693161.000000,[0.136136]
1742693161.000000,[0.146608]
1742693161.000000,[0.157080]
1742693161.000000,[0.167552]
1742693162.000000,[0.178024]
1742693162.000000,[0.188496]
1742693162.000000,[0.198968]
1742693162.000000,[0.209440]
1742693162.000000,[0.219911]
1742693162.000000,[0.230383]
1742693162.000000,[0.240855]
1742693162.000000,[0.251327]
1742693162.000000,[0.261799]
1742693162.000000,[0.272271]
1742693162.000000,[0.272271]
1742693162.000000,[0.282743]
1742693162.000000,[0.293215]
1742693162.000000,[0.303687]
1742693162.000000,[0.314159]
1742693162.000000,[0.314159]
1742693162.000000,[0.324631]
1742693162.000000,[0.335103]
1742693162.000000,[0.335103]
1742693162.000000,[0.345575]
1742693162.000000,[0.356047]
1742693162.000000,[0.356047]
1742693162.000000,[0.366519]
1742693162.000000,[0.366519]
1742693162.000000,[0.376991]
1742693162.000000,[0.376991]
1742693162.000000,[0.387463]
1742693162.000000,[0.387463]
1742693162.000000,[0.397935]
1742693162.000000,[0.397935]
1742693162.000000,[0.408407]
1742693162.000000,[0.418879]
1742693162.000000,[0.418879]
1742693162.000000,[0.429351]
1742693162.000000,[0.429351]
1742693162.000000,[0.439823]
1742693162.000000,[0.450295]
1742693162.000000,[0.450295]
1742693162.000000,[0.460767]
1742693162.000000,[0.460767]
1742693162.000000,[0.471239]
1742693162.000000,[0.471239]
1742693162.000000,[0.481711]
1742693162.000000,[0.481711]
1742693162.000000,[0.481711]
1742693162.000000,[0.492183]
1742693162.000000,[0.492183]
1742693162.000000,[0.492183]
1742693162.000000,[0.502655]
1742693162.000000,[0.502655]
1742693163.000000,[0.513127]
1742693163.000000,[0.513127]
1742693163.000000,[0.513127]
1742693163.000000,[0.523599]
1742693163.000000,[0.523599]
1742693163.000000,[0.534071]
1742693163.000000,[0.534071]
1742693163.000000,[0.534071]
1742693163.000000,[0.544543]
1742693163.000000,[0.544543]
1742693163.000000,[0.544543]
1742693163.000000,[0.555015]
1742693163.000000,[0.555015]
1742693163.000000,[0.555015]
1742693163.000000,[0.565487]
1742693163.000000,[0.565487]
1742693163.000000,[0.575959]
1742693163.000000,[0.575959]
1742693163.000000,[0.575959]
1742693163.000000,[0.586431]
1742693163.000000,[0.586431]
1742693163.000000,[0.586431]
1742693163.000000,[0.596903]
1742693163.000000,[0.596903]
1742693163.000000,[0.596903]
1742693163.000000,[0.607375]
1742693163.000000,[0.607375]
1742693163.000000,[0.617847]
1742693163.000000,[0.617847]
1742693163.000000,[0.628319]
1742693163.000000,[0.628319]
1742693163.000000,[0.638790]
1742693163.000000,[0.638790]
1742693163.000000,[0.649262]
1742693163.000000,[0.649262]
1742693163.000000,[0.649262]
1742693163.000000,[0.659734]
1742693163.000000,[0.659734]
1742693163.000000,[0.659734]
1742693163.000000,[0.659734]
1742693163.000000,[0.670206]
1742693163.000000,[0.670206]
1742693163.000000,[0.670206]
1742693163.000000,[0.670206]
1742693163.000000,[0.670206]
1742693163.000000,[0.670206]
1742693163.000000,[0.670206]
1742693163.000000,[0.670206]
1742693163.000000,[0.670206]
1742693163.000000,[0.670206]
1742693164.000000,[0.670206]
1742693164.000000,[0.670206]
1742693164.000000,[0.670206]
1742693164.000000,[0.670206]
1742693164.000000,[0.670206]
1742693164.000000,[0.670206]
1742693164.000000,[0.670206]
1742693164.000000,[0.670206]
1742693164.000000,[0.670206]
1742693164.000000,[0.670206]
1742693164.000000,[0.670206]
1742693164.000000,[0.670206]
1742693164.000000,[0.670206]
1742693164.000000,[0.670206]
1742693164.000000,[0.670206]
1742693164.000000,[0.670206]
1742693164.000000,[0.670206]
1742693164.000000,[0.659734]
1742693164.000000,[0.659734]
1742693164.000000,[0.659734]
1742693164.000000,[0.659734]
1742693164.000000,[0.659734]
1742693164.000000,[0.649262]
1742693164.000000,[0.649262]
1742693164.000000,[0.638790]
1742693164.000000,[0.638790]
1742693164.000000,[0.638790]
1742693164.000000,[0.628319]
1742693164.000000,[0.628319]
1742693164.000000,[0.617847]
1742693164.000000,[0.617847]
1742693164.000000,[0.607375]
1742693164.000000,[0.607375]
1742693164.000000,[0.596903]
1742693164.000000,[0.596903]
1742693164.000000,[0.586431]
1742693164.000000,[0.586431]
1742693164.000000,[0.575959]
1742693164.000000,[0.565487]
1742693164.000000,[0.565487]
1742693164.000000,[0.555015]
1742693164.000000,[0.555015]
1742693164.000000,[0.544543]
1742693164.000000,[0.544543]
1742693164.000000,[0.534071]
1742693164.000000,[0.534071]
1742693164.000000,[0.523599]
1742693164.000000,[0.523599]
1742693164.000000,[0.513127]
1742693164.000000,[0.513127]
1742693165.000000,[0.502655]
1742693165.000000,[0.492183]
1742693165.000000,[0.492183]
1742693165.000000,[0.481711]
1742693165.000000,[0.471239]
1742693165.000000,[0.471239]
1742693165.000000,[0.460767]
1742693165.000000,[0.450295]
1742693165.000000,[0.450295]
1742693165.000000,[0.439823]
1742693165.000000,[0.429351]
1742693165.000000,[0.429351]
1742693165.000000,[0.418879]
1742693165.000000,[0.418879]
1742693165.000000,[0.408407]
1742693165.000000,[0.397935]
1742693165.000000,[0.397935]
1742693165.000000,[0.387463]
1742693165.000000,[0.387463]
1742693165.000000,[0.376991]
1742693165.000000,[0.366519]
1742693165.000000,[0.366519]
1742693165.000000,[0.356047]
1742693165.000000,[0.345575]
1742693165.000000,[0.335103]
1742693165.000000,[0.335103]
1742693165.000000,[0.324631]
1742693165.000000,[0.314159]
1742693165.000000,[0.303687]
1742693165.000000,[0.293215]
1742693165.000000,[0.293215]
1742693165.000000,[0.282743]
1742693165.000000,[0.272271]
1742693165.000000,[0.261799]
1742693165.000000,[0.261799]
1742693165.000000,[0.251327]
1742693165.000000,[0.240855]
1742693165.000000,[0.240855]
1742693165.000000,[0.230383]
1742693165.000000,[0.219911]
1742693165.000000,[0.219911]
1742693165.000000,[0.209440]
1742693165.000000,[0.198968]
1742693165.000000,[0.198968]
1742693165.000000,[0.188496]
1742693165.000000,[0.188496]
1742693165.000000,[0.178024]
1742693165.000000,[0.178024]
1742693165.000000,[0.167552]
1742693165.000000,[0.167552]
1742693166.000000,[0.157080]
1742693166.000000,[0.157080]
1742693166.000000,[0.157080]
1742693166.000000,[0.146608]
1742693166.000000,[0.136136]
1742693166.000000,[0.136136]
1742693166.000000,[0.125664]
1742693166.000000,[0.115192]
1742693166.000000,[0.115192]
1742693166.000000,[0.104720]
1742693166.000000,[0.104720]
1742693166.000000,[0.094248]
1742693166.000000,[0.083776]
1742693166.000000,[0.083776]
1742693166.000000,[0.073304]
1742693166.000000,[0.062832]
1742693166.000000,[0.062832]
1742693166.000000,[0.052360]
1742693166.000000,[0.052360]
1742693166.000000,[0.052360]
1742693166.000000,[0.052360]
1742693166.000000,[0.052360]
1742693166.000000,[0.052360]
1742693166.000000,[0.052360]
1742693166.000000,[0.052360]
1742693166.000000,[0.052360]
1742693166.000000,[0.052360]
1742693166.000000,[0.052360]
1742693166.000000,[0.052360]
1742693166.000000,[0.052360]
1742693166.000000,[0.052360]
1742693166.000000,[0.052360]
1742693166.000000,[0.052360]
1742693166.000000,[0.052360]
1742693166.000000,[0.052360]
1742693166.000000,[0.052360]
1742693166.000000,[0.052360]
1742693166.000000,[0.052360]
1742693166.000000,[0.052360]
1742693166.000000,[0.052360]
1742693166.000000,[0.052360]
1742693166.000000,[0.052360]
1742693166.000000,[0.052360]
1742693166.000000,[0.052360]
1742693166.000000,[0.052360]
1742693166.000000,[0.052360]
1742693166.000000,[0.052360]
1742693166.000000,[0.052360]
1742693166.000000,[0.052360]
1742693166.000000,[0.052360]
1742693167.000000,[0.052360]
1742693167.000000,[0.052360]
1742693167.000000,[0.052360]
1742693167.000000,[0.052360]
1742693167.000000,[0.052360]
1742693167.000000,[0.052360]
1742693167.000000,[0.052360]
1742693167.000000,[0.052360]
1742693167.000000,[0.052360]
1742693167.000000,[0.052360]
1742693167.000000,[0.052360]
1742693167.000000,[0.052360]
1742693167.000000,[0.052360]
1742693167.000000,[0.052360]
1742693167.000000,[0.052360]
1742693167.000000,[0.052360]
1742693167.000000,[0.052360]
1742693167.000000,[0.052360]
1742693167.000000,[0.052360]
1742693167.000000,[0.052360]
1742693167.000000,[0.052360]
1742693167.000000,[0.052360]
1742693167.000000,[0.052360]
1742693167.000000,[0.052360]
1742693167.000000,[0.052360]
1742693167.000000,[0.052360]
1742693167.000000,[0.052360]
1742693167.000000,[0.052360]
1742693167.000000,[0.052360]
1742693167.000000,[0.052360]
1742693167.000000,[0.052360]
1742693167.000000,[0.052360]
1742693167.000000,[0.052360]
1742693167.000000,[0.052360]
1742693167.000000,[0.052360]
1742693167.000000,[0.052360]
1742693167.000000,[0.052360]
1742693167.000000,[0.052360]
1742693167.000000,[0.052360]
1742693167.000000,[0.052360]
1742693167.000000,[0.052360]
1742693167.000000,[0.052360]
1742693167.000000,[0.052360]
1742693167.000000,[0.052360]
1742693167.000000,[0.052360]
1742693167.000000,[0.052360]
1742693167.000000,[0.052360]
1742693167.000000,[0.052360]
1742693167.000000,[0.052360]
1742693167.000000,[0.052360]
1742693168.000000,[0.052360]
1742693168.000000,[0.052360]
1742693168.000000,[0.052360]
1742693168.000000,[0.052360]
1742693168.000000,[0.052360]
1742693168.000000,[0.052360]
1742693168.000000,[0.052360]
1742693168.000000,[0.052360]
1742693168.000000,[0.052360]
1742693168.000000,[0.052360]
1742693168.000000,[0.052360]
1742693168.000000,[0.052360]
1742693168.000000,[0.052360]
1742693168.000000,[0.052360]
1742693168.000000,[0.052360]
1742693168.000000,[0.052360]
1742693168.000000,[0.052360]
1742693168.000000,[0.052360]
1742693168.000000,[0.052360]
1742693168.000000,[0.052360]
1742693168.000000,[0.062832]
1742693168.000000,[0.062832]
1742693168.000000,[0.062832]
1742693168.000000,[0.073304]
1742693168.000000,[0.073304]
1742693168.000000,[0.083776]
1742693168.000000,[0.083776]
1742693168.000000,[0.094248]
1742693168.000000,[0.104720]
1742693168.000000,[0.104720]
1742693168.000000,[0.104720]
1742693168.000000,[0.115192]
1742693168.000000,[0.125664]
1742693168.000000,[0.125664]
1742693168.000000,[0.136136]
1742693168.000000,[0.146608]
1742693168.000000,[0.146608]
1742693168.000000,[0.157080]
1742693168.000000,[0.167552]
1742693168.000000,[0.167552]
1742693168.000000,[0.178024]
1742693168.000000,[0.188496]
1742693168.000000,[0.188496]
1742693168.000000,[0.198968]
1742693168.000000,[0.209440]
1742693168.000000,[0.219911]
1742693168.000000,[0.230383]
1742693168.000000,[0.240855]
1742693168.000000,[0.251327]
1742693168.000000,[0.261799]
1742693169.000000,[0.272271]
1742693169.000000,[0.282743]
1742693169.000000,[0.293215]
1742693169.000000,[0.303687]
1742693169.000000,[0.314159]
1742693169.000000,[0.324631]
1742693169.000000,[0.335103]
1742693169.000000,[0.345575]
1742693169.000000,[0.356047]
1742693169.000000,[0.366519]
1742693169.000000,[0.366519]
1742693169.000000,[0.376991]
1742693169.000000,[0.387463]
1742693169.000000,[0.397935]
1742693169.000000,[0.408407]
1742693169.000000,[0.418879]
1742693169.000000,[0.429351]
1742693169.000000,[0.439823]
1742693169.000000,[0.450295]
1742693169.000000,[0.460767]
1742693169.000000,[0.471239]
1742693169.000000,[0.481711]
1742693169.000000,[0.492183]
1742693169.000000,[0.492183]
1742693169.000000,[0.502655]
1742693169.000000,[0.513127]
1742693169.000000,[0.513127]
1742693169.000000,[0.523599]
1742693169.000000,[0.523599]
1742693169.000000,[0.534071]
1742693169.000000,[0.534071]
1742693169.000000,[0.544543]
1742693169.000000,[0.544543]
1742693169.000000,[0.555015]
1742693169.000000,[0.555015]
1742693169.000000,[0.555015]
1742693169.000000,[0.565487]
1742693169.000000,[0.565487]
1742693169.000000,[0.565487]
1742693169.000000,[0.575959]
1742693169.000000,[0.575959]
1742693169.000000,[0.575959]
1742693169.000000,[0.575959]
1742693169.000000,[0.575959]
1742693169.000000,[0.575959]
1742693169.000000,[0.586431]
1742693169.000000,[0.586431]
1742693169.000000,[0.586431]
1742693169.000000,[0.586431]
1742693169.000000,[0.586431]
1742693170.000000,[0.586431]
1742693170.000000,[0.586431]
1742693170.000000,[0.596903]
1742693170.000000,[0.596903]
1742693170.000000,[0.596903]
1742693170.000000,[0.596903]
1742693170.000000,[0.596903]
1742693170.000000,[0.596903]
1742693170.000000,[0.596903]
1742693170.000000,[0.596903]
1742693170.000000,[0.596903]
1742693170.000000,[0.596903]
1742693170.000000,[0.596903]
1742693170.000000,[0.596903]
1742693170.000000,[0.596903]
1742693170.000000,[0.596903]
1742693170.000000,[0.596903]
1742693170.000000,[0.596903]
1742693170.000000,[0.596903]
1742693170.000000,[0.596903]
1742693170.000000,[0.586431]
1742693170.000000,[0.586431]
1742693170.000000,[0.586431]
1742693170.000000,[0.575959]
1742693170.000000,[0.575959]
1742693170.000000,[0.575959]
1742693170.000000,[0.565487]
1742693170.000000,[0.565487]
1742693170.000000,[0.555015]
1742693170.000000,[0.544543]
1742693170.000000,[0.544543]
1742693170.000000,[0.544543]
1742693170.000000,[0.534071]
1742693170.000000,[0.523599]
1742693170.000000,[0.523599]
1742693170.000000,[0.513127]
1742693170.000000,[0.513127]
1742693170.000000,[0.502655]
1742693170.000000,[0.502655]
1742693170.000000,[0.492183]
1742693170.000000,[0.492183]
1742693170.000000,[0.481711]
1742693170.000000,[0.471239]
1742693170.000000,[0.471239]
1742693170.000000,[0.460767]
1742693170.000000,[0.450295]
1742693170.000000,[0.450295]
1742693170.000000,[0.439823]
1742693170.000000,[0.429351]
1742693170.000000,[0.429351]
1742693171.000000,[0.418879]
1742693171.000000,[0.408407]
1742693171.000000,[0.397935]
1742693171.000000,[0.387463]
1742693171.000000,[0.387463]
1742693171.000000,[0.376991]
1742693171.000000,[0.366519]
1742693171.000000,[0.356047]
1742693171.000000,[0.345575]
1742693171.000000,[0.345575]
1742693171.000000,[0.335103]
1742693171.000000,[0.324631]
1742693171.000000,[0.314159]
1742693171.000000,[0.303687]
1742693171.000000,[0.293215]
1742693171.000000,[0.293215]
1742693171.000000,[0.282743]
1742693171.000000,[0.272271]
1742693171.000000,[0.261799]
1742693171.000000,[0.251327]
1742693171.000000,[0.240855]
1742693171.000000,[0.230383]
1742693171.000000,[0.230383]
1742693171.000000,[0.219911]
1742693171.000000,[0.209440]
1742693171.000000,[0.198968]
1742693171.000000,[0.188496]
1742693171.000000,[0.188496]
1742693171.000000,[0.178024]
1742693171.000000,[0.167552]
1742693171.000000,[0.157080]
1742693171.000000,[0.146608]
1742693171.000000,[0.146608]
1742693171.000000,[0.136136]
1742693171.000000,[0.125664]
1742693171.000000,[0.125664]
1742693171.000000,[0.115192]
1742693171.000000,[0.115192]
1742693171.000000,[0.104720]
1742693171.000000,[0.104720]
1742693171.000000,[0.094248]
1742693171.000000,[0.094248]
1742693171.000000,[0.094248]
1742693171.000000,[0.083776]
1742693171.000000,[0.083776]
1742693171.000000,[0.083776]
1742693171.000000,[0.083776]
1742693171.000000,[0.083776]
1742693171.000000,[0.073304]
1742693171.000000,[0.073304]
1742693172.000000,[0.073304]
1742693172.000000,[0.073304]
1742693172.000000,[0.073304]
1742693172.000000,[0.073304]
1742693172.000000,[0.073304]
1742693172.000000,[0.073304]
1742693172.000000,[0.073304]
1742693172.000000,[0.073304]
1742693172.000000,[0.073304]
1742693172.000000,[0.073304]
1742693172.000000,[0.073304]
1742693172.000000,[0.073304]
1742693172.000000,[0.073304]
1742693172.000000,[0.073304]
1742693172.000000,[0.073304]
1742693172.000000,[0.073304]
1742693172.000000,[0.073304]
1742693172.000000,[0.073304]
1742693172.000000,[0.073304]
1742693172.000000,[0.073304]
1742693172.000000,[0.073304]
1742693172.000000,[0.073304]
1742693172.000000,[0.073304]
1742693172.000000,[0.073304]
1742693172.000000,[0.073304]
1742693172.000000,[0.083776]
1742693172.000000,[0.083776]
1742693172.000000,[0.083776]
1742693172.000000,[0.083776]
1742693172.000000,[0.094248]
1742693172.000000,[0.094248]
1742693172.000000,[0.094248]
1742693172.000000,[0.094248]
1742693172.000000,[0.104720]
1742693172.000000,[0.104720]
1742693172.000000,[0.104720]
1742693172.000000,[0.104720]
1742693172.000000,[0.104720]
1742693172.000000,[0.115192]
1742693172.000000,[0.115192]
1742693172.000000,[0.115192]
1742693172.000000,[0.125664]
1742693172.000000,[0.125664]
1742693172.000000,[0.125664]
1742693172.000000,[0.136136]
1742693172.000000,[0.136136]
1742693172.000000,[0.146608]
1742693172.000000,[0.146608]
1742693172.000000,[0.146608]
1742693172.000000,[0.157080]
1742693173.000000,[0.157080]
1742693173.000000,[0.167552]
1742693173.000000,[0.167552]
1742693173.000000,[0.178024]
1742693173.000000,[0.178024]
1742693173.000000,[0.188496]
1742693173.000000,[0.188496]
1742693173.000000,[0.188496]
1742693173.000000,[0.198968]
1742693173.000000,[0.198968]
1742693173.000000,[0.209440]
1742693173.000000,[0.209440]
1742693173.000000,[0.219911]
1742693173.000000,[0.219911]
1742693173.000000,[0.230383]
1742693173.000000,[0.240855]
1742693173.000000,[0.240855]
1742693173.000000,[0.251327]
1742693173.000000,[0.261799]
1742693173.000000,[0.272271]
1742693173.000000,[0.282743]
1742693173.000000,[0.282743]
1742693173.000000,[0.293215]
1742693173.000000,[0.303687]
1742693173.000000,[0.303687]
1742693173.000000,[0.314159]
1742693173.000000,[0.324631]
1742693173.000000,[0.335103]
1742693173.000000,[0.335103]
1742693173.000000,[0.345575]
1742693173.000000,[0.356047]
1742693173.000000,[0.366519]
1742693173.000000,[0.366519]
1742693173.000000,[0.376991]
1742693173.000000,[0.376991]
1742693173.000000,[0.387463]
1742693173.000000,[0.387463]
1742693173.000000,[0.397935]
1742693173.000000,[0.408407]
1742693173.000000,[0.408407]
1742693173.000000,[0.418879]
1742693173.000000,[0.429351]
1742693173.000000,[0.429351]
1742693173.000000,[0.439823]
1742693173.000000,[0.450295]
1742693173.000000,[0.450295]
1742693173.000000,[0.460767]
1742693173.000000,[0.471239]
1742693173.000000,[0.471239]
1742693173.000000,[0.481711]
1742693174.000000,[0.481711]
1742693174.000000,[0.492183]
1742693174.000000,[0.492183]
1742693174.000000,[0.492183]
1742693174.000000,[0.502655]
1742693174.000000,[0.502655]
1742693174.000000,[0.513127]
1742693174.000000,[0.513127]
1742693174.000000,[0.513127]
1742693174.000000,[0.523599]
1742693174.000000,[0.523599]
1742693174.000000,[0.523599]
1742693174.000000,[0.523599]
1742693174.000000,[0.523599]
1742693174.000000,[0.523599]
1742693174.000000,[0.534071]
1742693174.000000,[0.534071]
1742693174.000000,[0.534071]
1742693174.000000,[0.534071]
1742693174.000000,[0.534071]
1742693174.000000,[0.534071]
1742693174.000000,[0.534071]
1742693174.000000,[0.534071]
1742693174.000000,[0.534071]
1742693174.000000,[0.534071]
1742693174.000000,[0.534071]
1742693174.000000,[0.534071]
1742693174.000000,[0.534071]
1742693174.000000,[0.534071]
1742693174.000000,[0.534071]
1742693174.000000,[0.534071]
1742693174.000000,[0.523599]
1742693174.000000,[0.523599]
1742693174.000000,[0.523599]
1742693174.000000,[0.513127]
1742693174.000000,[0.513127]
1742693174.000000,[0.513127]
1742693174.000000,[0.502655]
1742693174.000000,[0.502655]
1742693174.000000,[0.492183]
1742693174.000000,[0.492183]
1742693174.000000,[0.481711]
1742693174.000000,[0.471239]
1742693174.000000,[0.471239]
1742693174.000000,[0.460767]
1742693174.000000,[0.460767]
1742693174.000000,[0.450295]
1742693174.000000,[0.450295]
1742693174.000000,[0.439823]
1742693174.000000,[0.429351]
1742693175.000000,[0.429351]
1742693175.000000,[0.418879]
1742693175.000000,[0.408407]
1742693175.000000,[0.408407]
1742693175.000000,[0.397935]
1742693175.000000,[0.387463]
1742693175.000000,[0.376991]
1742693175.000000,[0.376991]
1742693175.000000,[0.366519]
1742693175.000000,[0.356047]
1742693175.000000,[0.345575]
1742693175.000000,[0.345575]
1742693175.000000,[0.335103]
1742693175.000000,[0.324631]
1742693175.000000,[0.324631]
1742693175.000000,[0.314159]
1742693175.000000,[0.303687]
1742693175.000000,[0.303687]
1742693175.000000,[0.293215]
1742693175.000000,[0.293215]
1742693175.000000,[0.282743]
1742693175.000000,[0.272271]
1742693175.000000,[0.272271]
1742693175.000000,[0.261799]
1742693175.000000,[0.261799]
1742693175.000000,[0.251327]
1742693175.000000,[0.251327]
1742693175.000000,[0.240855]
1742693175.000000,[0.240855]
1742693175.000000,[0.240855]
1742693175.000000,[0.230383]
1742693175.000000,[0.230383]
1742693175.000000,[0.219911]
1742693175.000000,[0.219911]
1742693175.000000,[0.209440]
1742693175.000000,[0.209440]
1742693175.000000,[0.198968]
1742693175.000000,[0.198968]
1742693175.000000,[0.188496]
1742693175.000000,[0.178024]
1742693175.000000,[0.178024]
1742693175.000000,[0.167552]
1742693175.000000,[0.157080]
1742693175.000000,[0.157080]
1742693175.000000,[0.146608]
1742693175.000000,[0.136136]
1742693175.000000,[0.136136]
1742693175.000000,[0.125664]
1742693175.000000,[0.115192]
1742693175.000000,[0.104720]
1742693176.000000,[0.104720]
1742693176.000000,[0.094248]
1742693176.000000,[0.083776]
1742693176.000000,[0.073304]
1742693176.000000,[0.073304]
1742693176.000000,[0.062832]
1742693176.000000,[0.062832]
1742693176.000000,[0.062832]
1742693176.000000,[0.052360]
1742693176.000000,[0.052360]
1742693176.000000,[0.052360]
1742693176.000000,[0.041888]
1742693176.000000,[0.041888]
1742693176.000000,[0.041888]
1742693176.000000,[0.041888]
1742693176.000000,[0.031416]
1742693176.000000,[0.031416]
1742693176.000000,[0.031416]
1742693176.000000,[0.031416]
1742693176.000000,[0.020944]
1742693176.000000,[0.020944]
1742693176.000000,[0.010472]
1742693176.000000,[0.010472]
1742693176.000000,[0.010472]
1742693176.000000,[0.010472]
1742693176.000000,[0.010472]
1742693176.000000,[0.010472]
1742693176.000000,[0.010472]
1742693176.000000,[0.010472]
1742693176.000000,[0.010472]
1742693176.000000,[0.010472]
1742693176.000000,[0.010472]
1742693176.000000,[0.010472]
1742693176.000000,[0.010472]
1742693176.000000,[0.010472]
1742693176.000000,[0.010472]
1742693176.000000,[0.010472]
1742693176.000000,[0.010472]
1742693176.000000,[0.010472]
1742693176.000000,[0.010472]
1742693176.000000,[0.010472]
1742693176.000000,[0.010472]
1742693176.000000,[0.010472]
1742693176.000000,[0.010472]
1742693176.000000,[0.010472]
1742693176.000000,[0.010472]
1742693176.000000,[0.020944]
1742693176.000000,[0.020944]
1742693176.000000,[0.031416]
1742693176.000000,[0.031416]
1742693177.000000,[0.031416]
1742693177.000000,[0.041888]
1742693177.000000,[0.052360]
1742693177.000000,[0.052360]
1742693177.000000,[0.062832]
1742693177.000000,[0.062832]
1742693177.000000,[0.073304]
1742693177.000000,[0.083776]
1742693177.000000,[0.083776]
1742693177.000000,[0.094248]
1742693177.000000,[0.104720]
1742693177.000000,[0.104720]
1742693177.000000,[0.115192]
1742693177.000000,[0.125664]
1742693177.000000,[0.136136]
1742693177.000000,[0.146608]
1742693177.000000,[0.157080]
1742693177.000000,[0.167552]
1742693177.000000,[0.178024]
1742693177.000000,[0.188496]
1742693177.000000,[0.198968]
1742693177.000000,[0.209440]
1742693177.000000,[0.219911]
1742693177.000000,[0.230383]
1742693177.000000,[0.240855]
1742693177.000000,[0.251327]
1742693177.000000,[0.261799]
1742693177.000000,[0.272271]
1742693177.000000,[0.282743]
1742693177.000000,[0.282743]
1742693177.000000,[0.293215]
1742693177.000000,[0.303687]
1742693177.000000,[0.303687]
1742693177.000000,[0.314159]
1742693177.000000,[0.324631]
1742693177.000000,[0.324631]
1742693177.000000,[0.335103]
1742693177.000000,[0.335103]
1742693177.000000,[0.345575]
1742693177.000000,[0.345575]
1742693177.000000,[0.356047]
1742693177.000000,[0.356047]
1742693177.000000,[0.366519]
1742693177.000000,[0.376991]
1742693177.000000,[0.376991]
1742693177.000000,[0.387463]
1742693177.000000,[0.387463]
1742693177.000000,[0.397935]
1742693177.000000,[0.397935]
1742693177.000000,[0.397935]
1742693178.000000,[0.408407]
1742693178.000000,[0.408407]
1742693178.000000,[0.408407]
1742693178.000000,[0.418879]
1742693178.000000,[0.418879]
1742693178.000000,[0.418879]
1742693178.000000,[0.429351]
1742693178.000000,[0.429351]
1742693178.000000,[0.429351]
1742693178.000000,[0.429351]
1742693178.000000,[0.439823]
1742693178.000000,[0.439823]
1742693178.000000,[0.439823]
1742693178.000000,[0.439823]
1742693178.000000,[0.439823]
1742693178.000000,[0.439823]
1742693178.000000,[0.439823]
1742693178.000000,[0.439823]
1742693178.000000,[0.439823]
1742693178.000000,[0.439823]
1742693178.000000,[0.439823]
1742693178.000000,[0.439823]
1742693178.000000,[0.439823]
1742693178.000000,[0.439823]
1742693178.000000,[0.439823]
1742693178.000000,[0.439823]
1742693178.000000,[0.439823]
1742693178.000000,[0.439823]
1742693178.000000,[0.439823]
1742693178.000000,[0.439823]
1742693178.000000,[0.439823]
1742693178.000000,[0.439823]
1742693178.000000,[0.439823]
1742693178.000000,[0.439823]
1742693178.000000,[0.439823]
1742693178.000000,[0.439823]
1742693178.000000,[0.439823]
1742693178.000000,[0.429351]
1742693178.000000,[0.429351]
1742693178.000000,[0.429351]
1742693178.000000,[0.429351]
1742693178.000000,[0.418879]
1742693178.000000,[0.408407]
1742693178.000000,[0.408407]
1742693178.000000,[0.397935]
1742693178.000000,[0.397935]
1742693178.000000,[0.387463]
1742693178.000000,[0.376991]
1742693178.000000,[0.376991]
1742693178.000000,[0.366519]
1742693179.000000,[0.356047]
1742693179.000000,[0.345575]
1742693179.000000,[0.345575]
1742693179.000000,[0.335103]
1742693179.000000,[0.324631]
1742693179.000000,[0.314159]
1742693179.000000,[0.303687]
1742693179.000000,[0.303687]
1742693179.000000,[0.293215]
1742693179.000000,[0.282743]
1742693179.000000,[0.272271]
1742693179.000000,[0.272271]
1742693179.000000,[0.261799]
1742693179.000000,[0.251327]
1742693179.000000,[0.240855]
1742693179.000000,[0.230383]
1742693179.000000,[0.219911]
1742693179.000000,[0.219911]
1742693179.000000,[0.209440]
1742693179.000000,[0.198968]
1742693179.000000,[0.188496]
1742693179.000000,[0.178024]
1742693179.000000,[0.167552]
1742693179.000000,[0.157080]
1742693179.000000,[0.146608]
1742693179.000000,[0.146608]
1742693179.000000,[0.136136]
1742693179.000000,[0.136136]
1742693179.000000,[0.125664]
1742693179.000000,[0.115192]
1742693179.000000,[0.115192]
1742693179.000000,[0.104720]
1742693179.000000,[0.104720]
1742693179.000000,[0.094248]
1742693179.000000,[0.094248]
1742693179.000000,[0.083776]
1742693179.000000,[0.073304]
1742693179.000000,[0.073304]
1742693179.000000,[0.062832]
1742693179.000000,[0.052360]
1742693179.000000,[0.041888]
1742693179.000000,[0.031416]
1742693179.000000,[0.031416]
1742693179.000000,[0.020944]
1742693179.000000,[0.010472]
1742693179.000000,[-0.000000]
1742693179.000000,[-0.010472]
1742693179.000000,[-0.010472]
1742693179.000000,[-0.020944]
1742693179.000000,[-0.020944]
1742693180.000000,[-0.031416]
1742693180.000000,[-0.031416]
1742693180.000000,[-0.031416]
1742693180.000000,[-0.031416]
1742693180.000000,[-0.031416]
1742693180.000000,[-0.031416]
1742693180.000000,[-0.031416]
1742693180.000000,[-0.031416]
1742693180.000000,[-0.031416]
1742693180.000000,[-0.031416]
1742693180.000000,[-0.031416]
1742693180.000000,[-0.031416]
1742693180.000000,[-0.031416]
1742693180.000000,[-0.031416]
1742693180.000000,[-0.031416]
1742693180.000000,[-0.031416]
1742693180.000000,[-0.031416]
1742693180.000000,[-0.031416]
1742693180.000000,[-0.031416]
1742693180.000000,[-0.031416]
1742693180.000000,[-0.031416]
1742693180.000000,[-0.031416]
1742693180.000000,[-0.031416]
1742693180.000000,[-0.031416]
1742693180.000000,[-0.031416]
1742693180.000000,[-0.031416]
1742693180.000000,[-0.031416]
1742693180.000000,[-0.020944]
1742693180.000000,[-0.020944]
1742693180.000000,[-0.020944]
1742693180.000000,[-0.010472]
1742693180.000000,[-0.010472]
1742693180.000000,[-0.000000]
1742693180.000000,[0.000000]
1742693180.000000,[0.010472]
1742693180.000000,[0.010472]
1742693180.000000,[0.020944]
1742693180.000000,[0.020944]
1742693180.000000,[0.031416]
1742693180.000000,[0.041888]
1742693180.000000,[0.041888]
1742693180.000000,[0.052360]
1742693180.000000,[0.062832]
1742693180.000000,[0.062832]
1742693180.000000,[0.073304]
1742693180.000000,[0.073304]
1742693180.000000,[0.083776]
1742693180.000000,[0.094248]
1742693180.000000,[0.104720]
1742693180.000000,[0.115192]
1742693181.000000,[0.125664]
1742693181.000000,[0.136136]
1742693181.000000,[0.146608]
1742693181.000000,[0.157080]
1742693181.000000,[0.167552]
1742693181.000000,[0.178024]
1742693181.000000,[0.188496]
1742693181.000000,[0.198968]
1742693181.000000,[0.209440]
1742693181.000000,[0.219911]
1742693181.000000,[0.230383]
1742693181.000000,[0.240855]
1742693181.000000,[0.240855]
1742693181.000000,[0.251327]
1742693181.000000,[0.261799]
1742693181.000000,[0.261799]
1742693181.000000,[0.272271]
1742693181.000000,[0.272271]
1742693181.000000,[0.272271]
1742693181.000000,[0.282743]
1742693181.000000,[0.282743]
1742693181.000000,[0.282743]
1742693181.000000,[0.293215]
1742693181.000000,[0.293215]
1742693181.000000,[0.293215]
1742693181.000000,[0.293215]
1742693181.000000,[0.293215]
1742693181.000000,[0.293215]
1742693181.000000,[0.293215]
1742693181.000000,[0.293215]
1742693181.000000,[0.293215]
1742693181.000000,[0.293215]
1742693181.000000,[0.293215]
1742693181.000000,[0.293215]
1742693181.000000,[0.293215]
1742693181.000000,[0.293215]
1742693181.000000,[0.293215]
1742693181.000000,[0.293215]
1742693181.000000,[0.293215]
1742693181.000000,[0.293215]
1742693181.000000,[0.293215]
1742693181.000000,[0.293215]
1742693181.000000,[0.293215]
1742693181.000000,[0.293215]
1742693181.000000,[0.293215]
1742693181.000000,[0.293215]
1742693181.000000,[0.293215]
1742693181.000000,[0.293215]
1742693181.000000,[0.293215]
1742693181.000000,[0.293215]
1742693182.000000,[0.293215]
1742693182.000000,[0.293215]
1742693182.000000,[0.282743]
1742693182.000000,[0.282743]
1742693182.000000,[0.272271]
1742693182.000000,[0.272271]
1742693182.000000,[0.261799]
1742693182.000000,[0.251327]
1742693182.000000,[0.251327]
1742693182.000000,[0.240855]
1742693182.000000,[0.240855]
1742693182.000000,[0.230383]
1742693182.000000,[0.219911]
1742693182.000000,[0.219911]
1742693182.000000,[0.209440]
1742693182.000000,[0.209440]
1742693182.000000,[0.198968]
1742693182.000000,[0.198968]
1742693182.000000,[0.188496]
1742693182.000000,[0.178024]
1742693182.000000,[0.178024]
1742693182.000000,[0.167552]
1742693182.000000,[0.157080]
1742693182.000000,[0.157080]
1742693182.000000,[0.146608]
1742693182.000000,[0.146608]
1742693182.000000,[0.136136]
1742693182.000000,[0.136136]
1742693182.000000,[0.136136]
1742693182.000000,[0.125664]
1742693182.000000,[0.125664]
1742693182.000000,[0.115192]
1742693182.000000,[0.115192]
1742693182.000000,[0.115192]
1742693182.000000,[0.104720]
1742693182.000000,[0.104720]
1742693182.000000,[0.104720]
1742693182.000000,[0.094248]
1742693182.000000,[0.094248]
1742693182.000000,[0.083776]
1742693182.000000,[0.083776]
1742693182.000000,[0.073304]
1742693182.000000,[0.073304]
1742693182.000000,[0.073304]
1742693182.000000,[0.073304]
1742693182.000000,[0.073304]
1742693182.000000,[0.062832]
1742693182.000000,[0.062832]
1742693182.000000,[0.062832]
1742693182.000000,[0.062832]
1742693183.000000,[0.062832]
1742693183.000000,[0.062832]
1742693183.000000,[0.062832]
1742693183.000000,[0.062832]
1742693183.000000,[0.062832]
1742693183.000000,[0.062832]
1742693183.000000,[0.062832]
1742693183.000000,[0.062832]
1742693183.000000,[0.062832]
1742693183.000000,[0.062832]
1742693183.000000,[0.062832]
1742693183.000000,[0.062832]
1742693183.000000,[0.062832]
1742693183.000000,[0.062832]
1742693183.000000,[0.062832]
1742693183.000000,[0.062832]
1742693183.000000,[0.062832]
1742693183.000000,[0.062832]
1742693183.000000,[0.062832]
1742693183.000000,[0.062832]
1742693183.000000,[0.062832]
1742693183.000000,[0.062832]
1742693183.000000,[0.062832]
1742693183.000000,[0.062832]
1742693183.000000,[0.062832]
1742693183.000000,[0.073304]
1742693183.000000,[0.073304]
1742693183.000000,[0.083776]
1742693183.000000,[0.083776]
1742693183.000000,[0.094248]
1742693183.000000,[0.094248]
1742693183.000000,[0.104720]
1742693183.000000,[0.104720]
1742693183.000000,[0.115192]
1742693183.000000,[0.125664]
1742693183.000000,[0.125664]
1742693183.000000,[0.125664]
1742693183.000000,[0.136136]
1742693183.000000,[0.136136]
1742693183.000000,[0.136136]
1742693183.000000,[0.136136]
1742693183.000000,[0.136136]
1742693183.000000,[0.136136]
1742693183.000000,[0.136136]
1742693183.000000,[0.136136]
1742693183.000000,[0.136136]
1742693183.000000,[0.136136]
1742693183.000000,[0.125664]
1742693183.000000,[0.115192]
1742693183.000000,[0.115192]
1742693184.000000,[0.104720]
1742693184.000000,[0.094248]
1742693184.000000,[0.083776]
1742693184.000000,[0.083776]
1742693184.000000,[0.073304]
1742693184.000000,[0.062832]
1742693184.000000,[0.062832]
1742693184.000000,[0.052360]
1742693184.000000,[0.041888]
1742693184.000000,[0.031416]
1742693184.000000,[0.020944]
1742693184.000000,[0.010472]
1742693184.000000,[0.000000]
1742693184.000000,[-0.000000]
1742693184.000000,[-0.010472]
1742693184.000000,[-0.010472]
1742693184.000000,[-0.020944]
1742693184.000000,[-0.031416]
1742693184.000000,[-0.031416]
1742693184.000000,[-0.031416]
1742693184.000000,[-0.041888]
1742693184.000000,[-0.041888]
1742693184.000000,[-0.052360]
1742693184.000000,[-0.052360]
1742693184.000000,[-0.062832]
1742693184.000000,[-0.062832]
1742693184.000000,[-0.062832]
1742693184.000000,[-0.062832]
1742693184.000000,[-0.062832]
1742693184.000000,[-0.062832]
1742693184.000000,[-0.062832]
1742693184.000000,[-0.062832]
1742693184.000000,[-0.062832]
1742693184.000000,[-0.062832]
1742693184.000000,[-0.062832]
1742693184.000000,[-0.062832]
1742693184.000000,[-0.062832]
1742693184.000000,[-0.062832]
1742693184.000000,[-0.062832]
1742693184.000000,[-0.062832]
1742693184.000000,[-0.062832]
1742693184.000000,[-0.062832]
1742693184.000000,[-0.062832]
1742693184.000000,[-0.062832]
1742693184.000000,[-0.062832]
1742693184.000000,[-0.062832]
1742693184.000000,[-0.052360]
1742693184.000000,[-0.052360]
1742693184.000000,[-0.052360]
1742693184.000000,[-0.041888]
1742693185.000000,[-0.041888]
1742693185.000000,[-0.041888]
1742693185.000000,[-0.031416]
1742693185.000000,[-0.031416]
1742693185.000000,[-0.020944]
1742693185.000000,[-0.020944]
1742693185.000000,[-0.010472]
1742693185.000000,[-0.010472]
1742693185.000000,[-0.000000]
1742693185.000000,[0.000000]
1742693185.000000,[0.010472]
1742693185.000000,[0.020944]
1742693185.000000,[0.031416]
1742693185.000000,[0.041888]
1742693185.000000,[0.041888]
1742693185.000000,[0.052360]
1742693185.000000,[0.062832]
1742693185.000000,[0.073304]
1742693185.000000,[0.083776]
1742693185.000000,[0.094248]
1742693185.000000,[0.104720]
1742693185.000000,[0.115192]
1742693185.000000,[0.125664]
1742693185.000000,[0.136136]
1742693185.000000,[0.157080]
1742693185.000000,[0.167552]
1742693185.000000,[0.178024]
1742693185.000000,[0.188496]
1742693185.000000,[0.198968]
1742693185.000000,[0.209440]
1742693185.000000,[0.219911]
1742693185.000000,[0.230383]
1742693185.000000,[0.240855]
1742693185.000000,[0.251327]
1742693185.000000,[0.261799]
1742693185.000000,[0.272271]
1742693185.000000,[0.272271]
1742693185.000000,[0.282743]
1742693185.000000,[0.293215]
1742693185.000000,[0.303687]
1742693185.000000,[0.314159]
1742693185.000000,[0.324631]
1742693185.000000,[0.335103]
1742693185.000000,[0.345575]
1742693185.000000,[0.356047]
1742693185.000000,[0.356047]
1742693185.000000,[0.366519]
1742693185.000000,[0.376991]
1742693185.000000,[0.387463]
1742693185.000000,[0.387463]
1742693186.000000,[0.397935]
1742693186.000000,[0.397935]
1742693186.000000,[0.408407]
1742693186.000000,[0.408407]
1742693186.000000,[0.418879]
1742693186.000000,[0.418879]
1742693186.000000,[0.418879]
1742693186.000000,[0.418879]
1742693186.000000,[0.429351]
1742693186.000000,[0.429351]
1742693186.000000,[0.429351]
1742693186.000000,[0.429351]
1742693186.000000,[0.429351]
1742693186.000000,[0.429351]
1742693186.000000,[0.429351]
1742693186.000000,[0.429351]
1742693186.000000,[0.429351]
1742693186.000000,[0.429351]
1742693186.000000,[0.429351]
1742693186.000000,[0.429351]
1742693186.000000,[0.429351]
1742693186.000000,[0.429351]
1742693186.000000,[0.429351]
1742693186.000000,[0.429351]
1742693186.000000,[0.429351]
1742693186.000000,[0.429351]
1742693186.000000,[0.429351]
1742693186.000000,[0.429351]
1742693186.000000,[0.418879]
1742693186.000000,[0.418879]
1742693186.000000,[0.418879]
1742693186.000000,[0.408407]
1742693186.000000,[0.408407]
1742693186.000000,[0.408407]
1742693186.000000,[0.397935]
1742693186.000000,[0.397935]
1742693186.000000,[0.397935]
1742693186.000000,[0.387463]
1742693186.000000,[0.376991]
1742693186.000000,[0.376991]
1742693186.000000,[0.366519]
1742693186.000000,[0.356047]
1742693186.000000,[0.345575]
1742693186.000000,[0.335103]
1742693186.000000,[0.335103]
1742693186.000000,[0.324631]
1742693186.000000,[0.314159]
1742693186.000000,[0.303687]
1742693186.000000,[0.293215]
1742693186.000000,[0.282743]
1742693187.000000,[0.272271]
1742693187.000000,[0.261799]
1742693187.000000,[0.251327]
1742693187.000000,[0.240855]
1742693187.000000,[0.230383]
1742693187.000000,[0.219911]
1742693187.000000,[0.209440]
1742693187.000000,[0.198968]
1742693187.000000,[0.188496]
1742693187.000000,[0.178024]
1742693187.000000,[0.167552]
1742693187.000000,[0.157080]
1742693187.000000,[0.146608]
1742693187.000000,[0.136136]
1742693187.000000,[0.125664]
1742693187.000000,[0.115192]
1742693187.000000,[0.115192]
1742693187.000000,[0.104720]
1742693187.000000,[0.094248]
1742693187.000000,[0.083776]
1742693187.000000,[0.073304]
1742693187.000000,[0.062832]
1742693187.000000,[0.052360]
1742693187.000000,[0.041888]
1742693187.000000,[0.031416]
1742693187.000000,[0.020944]
1742693187.000000,[0.020944]
1742693187.000000,[0.010472]
1742693187.000000,[0.010472]
1742693187.000000,[0.010472]
1742693187.000000,[0.000000]
1742693187.000000,[0.000000]
1742693187.000000,[0.000000]
1742693187.000000,[0.000000]
1742693187.000000,[0.000000]
1742693187.000000,[0.000000]
1742693187.000000,[0.000000]
1742693187.000000,[0.000000]
1742693187.000000,[0.000000]
1742693187.000000,[0.000000]
1742693187.000000,[0.000000]
1742693187.000000,[0.000000]
1742693187.000000,[0.000000]
1742693187.000000,[0.000000]
1742693187.000000,[0.000000]
1742693187.000000,[0.000000]
1742693187.000000,[0.000000]
1742693187.000000,[0.000000]
1742693187.000000,[0.000000]
1742693187.000000,[0.000000]
1742693188.000000,[0.000000]
1742693188.000000,[0.000000]
1742693188.000000,[0.010472]
1742693188.000000,[0.010472]
1742693188.000000,[0.010472]
1742693188.000000,[0.020944]
1742693188.000000,[0.020944]
1742693188.000000,[0.031416]
1742693188.000000,[0.031416]
1742693188.000000,[0.041888]
1742693188.000000,[0.041888]
1742693188.000000,[0.052360]
1742693188.000000,[0.062832]
1742693188.000000,[0.073304]
1742693188.000000,[0.073304]
1742693188.000000,[0.083776]
1742693188.000000,[0.094248]
1742693188.000000,[0.104720]
1742693188.000000,[0.115192]
1742693188.000000,[0.125664]
1742693188.000000,[0.136136]
1742693188.000000,[0.146608]
1742693188.000000,[0.167552]
1742693188.000000,[0.178024]
1742693188.000000,[0.188496]
1742693188.000000,[0.198968]
1742693188.000000,[0.209440]
1742693188.000000,[0.219911]
1742693188.000000,[0.230383]
1742693188.000000,[0.240855]
1742693188.000000,[0.251327]
1742693188.000000,[0.261799]
1742693188.000000,[0.272271]
1742693188.000000,[0.282743]
1742693188.000000,[0.293215]
1742693188.000000,[0.303687]
1742693188.000000,[0.314159]
1742693188.000000,[0.324631]
1742693188.000000,[0.335103]
1742693188.000000,[0.345575]
1742693188.000000,[0.356047]
1742693188.000000,[0.356047]
1742693188.000000,[0.366519]
1742693188.000000,[0.376991]
1742693188.000000,[0.376991]
1742693188.000000,[0.387463]
1742693188.000000,[0.387463]
1742693188.000000,[0.397935]
1742693188.000000,[0.408407]
1742693188.000000,[0.408407]
1742693189.000000,[0.408407]
1742693189.000000,[0.418879]
1742693189.000000,[0.418879]
1742693189.000000,[0.418879]
1742693189.000000,[0.429351]
1742693189.000000,[0.429351]
1742693189.000000,[0.429351]
1742693189.000000,[0.429351]
1742693189.000000,[0.429351]
1742693189.000000,[0.429351]
1742693189.000000,[0.429351]
1742693189.000000,[0.429351]
1742693189.000000,[0.429351]
1742693189.000000,[0.439823]
1742693189.000000,[0.439823]
1742693189.000000,[0.439823]
1742693189.000000,[0.439823]
1742693189.000000,[0.439823]
1742693189.000000,[0.439823]
1742693189.000000,[0.439823]
1742693189.000000,[0.439823]
1742693189.000000,[0.439823]
1742693189.000000,[0.439823]
1742693189.000000,[0.439823]
1742693189.000000,[0.439823]
1742693189.000000,[0.439823]
1742693189.000000,[0.439823]
1742693189.000000,[0.439823]
1742693189.000000,[0.429351]
1742693189.000000,[0.429351]
1742693189.000000,[0.429351]
1742693189.000000,[0.418879]
1742693189.000000,[0.408407]
1742693189.000000,[0.408407]
1742693189.000000,[0.397935]
1742693189.000000,[0.387463]
1742693189.000000,[0.387463]
1742693189.000000,[0.376991]
1742693189.000000,[0.366519]
1742693189.000000,[0.356047]
1742693189.000000,[0.345575]
1742693189.000000,[0.335103]
1742693189.000000,[0.324631]
1742693189.000000,[0.324631]
1742693189.000000,[0.314159]
1742693189.000000,[0.303687]
1742693189.000000,[0.293215]
1742693189.000000,[0.282743]
1742693189.000000,[0.272271]
1742693189.000000,[0.261799]
1742693190.000000,[0.251327]
1742693190.000000,[0.240855]
1742693190.000000,[0.230383]
1742693190.000000,[0.230383]
1742693190.000000,[0.219911]
1742693190.000000,[0.209440]
1742693190.000000,[0.198968]
1742693190.000000,[0.188496]
1742693190.000000,[0.178024]
1742693190.000000,[0.167552]
1742693190.000000,[0.157080]
1742693190.000000,[0.146608]
1742693190.000000,[0.136136]
1742693190.000000,[0.125664]
1742693190.000000,[0.115192]
1742693190.000000,[0.115192]
1742693190.000000,[0.104720]
1742693190.000000,[0.094248]
1742693190.000000,[0.083776]
1742693190.000000,[0.083776]
1742693190.000000,[0.073304]
1742693190.000000,[0.073304]
1742693190.000000,[0.062832]
1742693190.000000,[0.062832]
1742693190.000000,[0.062832]
1742693190.000000,[0.052360]
1742693190.000000,[0.052360]
1742693190.000000,[0.052360]
1742693190.000000,[0.052360]
1742693190.000000,[0.052360]
1742693190.000000,[0.052360]
1742693190.000000,[0.052360]
1742693190.000000,[0.052360]
1742693190.000000,[0.052360]
1742693190.000000,[0.052360]
1742693190.000000,[0.052360]
1742693190.000000,[0.052360]
1742693190.000000,[0.052360]
1742693190.000000,[0.052360]
1742693190.000000,[0.052360]
1742693190.000000,[0.052360]
1742693190.000000,[0.052360]
1742693190.000000,[0.052360]
1742693190.000000,[0.052360]
1742693190.000000,[0.052360]
1742693190.000000,[0.052360]
1742693190.000000,[0.052360]
1742693190.000000,[0.052360]
1742693190.000000,[0.052360]
1742693190.000000,[0.062832]
1742693191.000000,[0.062832]
1742693191.000000,[0.073304]
1742693191.000000,[0.073304]
1742693191.000000,[0.083776]
1742693191.000000,[0.094248]
1742693191.000000,[0.104720]
1742693191.000000,[0.104720]
1742693191.000000,[0.115192]
1742693191.000000,[0.125664]
1742693191.000000,[0.136136]
1742693191.000000,[0.136136]
1742693191.000000,[0.146608]
1742693191.000000,[0.157080]
1742693191.000000,[0.167552]
1742693191.000000,[0.178024]
1742693191.000000,[0.178024]
1742693191.000000,[0.188496]
1742693191.000000,[0.198968]
1742693191.000000,[0.209440]
1742693191.000000,[0.219911]
1742693191.000000,[0.230383]
1742693191.000000,[0.240855]
1742693191.000000,[0.251327]
1742693191.000000,[0.261799]
1742693191.000000,[0.272271]
1742693191.000000,[0.282743]
1742693191.000000,[0.293215]
1742693191.000000,[0.314159]
1742693191.000000,[0.324631]
1742693191.000000,[0.335103]
1742693191.000000,[0.345575]
1742693191.000000,[0.356047]
1742693191.000000,[0.356047]
1742693191.000000,[0.366519]
1742693191.000000,[0.376991]
1742693191.000000,[0.387463]
1742693191.000000,[0.387463]
1742693191.000000,[0.397935]
1742693191.000000,[0.397935]
1742693191.000000,[0.408407]
1742693191.000000,[0.418879]
1742693191.000000,[0.418879]
1742693191.000000,[0.429351]
1742693191.000000,[0.429351]
1742693191.000000,[0.439823]
1742693191.000000,[0.439823]
1742693191.000000,[0.439823]
1742693191.000000,[0.450295]
1742693191.000000,[0.450295]
1742693191.000000,[0.450295]
1742693192.000000,[0.460767]
1742693192.000000,[0.460767]
1742693192.000000,[0.460767]
1742693192.000000,[0.460767]
1742693192.000000,[0.460767]
1742693192.000000,[0.460767]
1742693192.000000,[0.460767]
1742693192.000000,[0.460767]
1742693192.000000,[0.460767]
1742693192.000000,[0.460767]
1742693192.000000,[0.460767]
1742693192.000000,[0.460767]
1742693192.000000,[0.460767]
1742693192.000000,[0.460767]
1742693192.000000,[0.450295]
1742693192.000000,[0.439823]
1742693192.000000,[0.429351]
1742693192.000000,[0.429351]
1742693192.000000,[0.418879]
1742693192.000000,[0.408407]
1742693192.000000,[0.397935]
1742693192.000000,[0.387463]
1742693192.000000,[0.376991]
1742693192.000000,[0.366519]
1742693192.000000,[0.356047]
1742693192.000000,[0.345575]
1742693192.000000,[0.335103]
1742693192.000000,[0.324631]
1742693192.000000,[0.314159]
1742693192.000000,[0.314159]
1742693192.000000,[0.303687]
1742693192.000000,[0.293215]
1742693192.000000,[0.282743]
1742693192.000000,[0.272271]
1742693192.000000,[0.272271]
1742693192.000000,[0.261799]
1742693192.000000,[0.251327]
1742693192.000000,[0.240855]
1742693192.000000,[0.230383]
1742693192.000000,[0.219911]
1742693192.000000,[0.209440]
1742693192.000000,[0.198968]
1742693192.000000,[0.198968]
1742693192.000000,[0.188496]
1742693192.000000,[0.188496]
1742693192.000000,[0.178024]
1742693192.000000,[0.178024]
1742693192.000000,[0.178024]
1742693192.000000,[0.178024]
1742693192.000000,[0.178024]
1742693193.000000,[0.178024]
1742693193.000000,[0.188496]
1742693193.000000,[0.198968]
1742693193.000000,[0.209440]
1742693193.000000,[0.219911]
1742693193.000000,[0.230383]
1742693193.000000,[0.240855]
1742693193.000000,[0.251327]
1742693193.000000,[0.272271]
1742693193.000000,[0.282743]
1742693193.000000,[0.293215]
1742693193.000000,[0.303687]
1742693193.000000,[0.314159]
1742693193.000000,[0.324631]
1742693193.000000,[0.335103]
1742693193.000000,[0.345575]
1742693193.000000,[0.356047]
1742693193.000000,[0.366519]
1742693193.000000,[0.376991]
1742693193.000000,[0.387463]
1742693193.000000,[0.387463]
1742693193.000000,[0.397935]
1742693193.000000,[0.408407]
1742693193.000000,[0.408407]
1742693193.000000,[0.418879]
1742693193.000000,[0.418879]
1742693193.000000,[0.429351]
1742693193.000000,[0.429351]
1742693193.000000,[0.439823]
1742693193.000000,[0.439823]
1742693193.000000,[0.439823]
1742693193.000000,[0.439823]
1742693193.000000,[0.439823]
1742693193.000000,[0.439823]
1742693193.000000,[0.439823]
1742693193.000000,[0.439823]
1742693193.000000,[0.439823]
1742693193.000000,[0.439823]
1742693193.000000,[0.439823]
1742693193.000000,[0.429351]
1742693193.000000,[0.418879]
1742693193.000000,[0.418879]
1742693193.000000,[0.408407]
1742693193.000000,[0.397935]
1742693193.000000,[0.387463]
1742693193.000000,[0.376991]
1742693193.000000,[0.376991]
1742693193.000000,[0.366519]
1742693193.000000,[0.356047]
1742693193.000000,[0.345575]
1742693194.000000,[0.335103]
1742693194.000000,[0.324631]
1742693194.000000,[0.314159]
1742693194.000000,[0.303687]
1742693194.000000,[0.293215]
1742693194.000000,[0.282743]
1742693194.000000,[0.272271]
1742693194.000000,[0.261799]
1742693194.000000,[0.251327]
1742693194.000000,[0.251327]
1742693194.000000,[0.240855]
1742693194.000000,[0.240855]
1742693194.000000,[0.230383]
1742693194.000000,[0.230383]
1742693194.000000,[0.219911]
1742693194.000000,[0.219911]
1742693194.000000,[0.219911]
1742693194.000000,[0.219911]
1742693194.000000,[0.219911]
1742693194.000000,[0.219911]
1742693194.000000,[0.219911]
1742693194.000000,[0.219911]
1742693194.000000,[0.230383]
1742693194.000000,[0.240855]
1742693194.000000,[0.240855]
1742693194.000000,[0.251327]
1742693194.000000,[0.261799]
1742693194.000000,[0.272271]
1742693194.000000,[0.282743]
1742693194.000000,[0.293215]
1742693194.000000,[0.303687]
1742693194.000000,[0.303687]
1742693194.000000,[0.324631]
1742693194.000000,[0.335103]
1742693194.000000,[0.345575]
1742693194.000000,[0.356047]
1742693194.000000,[0.366519]
1742693194.000000,[0.376991]
1742693194.000000,[0.376991]
1742693194.000000,[0.387463]
1742693194.000000,[0.397935]
1742693194.000000,[0.408407]
1742693194.000000,[0.418879]
1742693194.000000,[0.429351]
1742693194.000000,[0.439823]
1742693194.000000,[0.439823]
1742693194.000000,[0.450295]
1742693194.000000,[0.460767]
1742693194.000000,[0.471239]
1742693194.000000,[0.481711]
1742693195.000000,[0.481711]
1742693195.000000,[0.492183]
1742693195.000000,[0.492183]
1742693195.000000,[0.502655]
1742693195.000000,[0.502655]
1742693195.000000,[0.513127]
1742693195.000000,[0.513127]
1742693195.000000,[0.523599]
1742693195.000000,[0.523599]
1742693195.000000,[0.523599]
1742693195.000000,[0.523599]
1742693195.000000,[0.534071]
1742693195.000000,[0.534071]
1742693195.000000,[0.534071]
1742693195.000000,[0.534071]
1742693195.000000,[0.534071]
1742693195.000000,[0.534071]
1742693195.000000,[0.534071]
1742693195.000000,[0.534071]
1742693195.000000,[0.534071]
1742693195.000000,[0.534071]
1742693195.000000,[0.534071]
1742693195.000000,[0.523599]
1742693195.000000,[0.523599]
1742693195.000000,[0.513127]
1742693195.000000,[0.513127]
1742693195.000000,[0.502655]
1742693195.000000,[0.492183]
1742693195.000000,[0.492183]
1742693195.000000,[0.481711]
1742693195.000000,[0.471239]
1742693195.000000,[0.460767]
1742693195.000000,[0.450295]
1742693195.000000,[0.439823]
1742693195.000000,[0.429351]
1742693195.000000,[0.418879]
1742693195.000000,[0.397935]
1742693195.000000,[0.387463]
1742693195.000000,[0.376991]
1742693195.000000,[0.366519]
1742693195.000000,[0.345575]
1742693195.000000,[0.335103]
1742693195.000000,[0.314159]
1742693195.000000,[0.303687]
1742693195.000000,[0.293215]
1742693195.000000,[0.282743]
1742693195.000000,[0.261799]
1742693195.000000,[0.251327]
1742693195.000000,[0.240855]
1742693195.000000,[0.230383]
1742693196.000000,[0.219911]
1742693196.000000,[0.209440]
1742693196.000000,[0.198968]
1742693196.000000,[0.188496]
1742693196.000000,[0.178024]
1742693196.000000,[0.167552]
1742693196.000000,[0.157080]
1742693196.000000,[0.157080]
1742693196.000000,[0.146608]
1742693196.000000,[0.146608]
1742693196.000000,[0.136136]
1742693196.000000,[0.136136]
1742693196.000000,[0.136136]
1742693196.000000,[0.136136]
1742693196.000000,[0.125664]
1742693196.000000,[0.125664]
1742693196.000000,[0.125664]
1742693196.000000,[0.125664]
1742693196.000000,[0.125664]
1742693196.000000,[0.125664]
1742693196.000000,[0.125664]
1742693196.000000,[0.125664]
1742693196.000000,[0.125664]
1742693196.000000,[0.115192]
1742693196.000000,[0.115192]
1742693196.000000,[0.115192]
1742693196.000000,[0.115192]
1742693196.000000,[0.115192]
1742693196.000000,[0.115192]
1742693196.000000,[0.115192]
1742693196.000000,[0.115192]
1742693196.000000,[0.115192]
1742693196.000000,[0.115192]
1742693196.000000,[0.115192]
1742693196.000000,[0.104720]
1742693196.000000,[0.104720]
1742693196.000000,[0.094248]
1742693196.000000,[0.094248]
1742693196.000000,[0.083776]
1742693196.000000,[0.083776]
1742693196.000000,[0.083776]
1742693196.000000,[0.083776]
1742693196.000000,[0.083776]
1742693196.000000,[0.083776]
1742693196.000000,[0.083776]
1742693196.000000,[0.083776]
1742693196.000000,[0.073304]
1742693196.000000,[0.073304]
1742693196.000000,[0.073304]
1742693196.000000,[0.073304]
1742693197.000000,[0.073304]
1742693197.000000,[0.073304]
1742693197.000000,[0.073304]
1742693197.000000,[0.073304]
1742693197.000000,[0.073304]
1742693197.000000,[0.073304]
1742693197.000000,[0.062832]
1742693197.000000,[0.062832]
1742693197.000000,[0.052360]
1742693197.000000,[0.052360]
1742693197.000000,[0.052360]
1742693197.000000,[0.041888]
1742693197.000000,[0.041888]
1742693197.000000,[0.041888]
1742693197.000000,[0.041888]
1742693197.000000,[0.041888]
1742693197.000000,[0.041888]
1742693197.000000,[0.041888]
1742693197.000000,[0.041888]
1742693197.000000,[0.041888]
1742693197.000000,[0.041888]
1742693197.000000,[0.041888]
1742693197.000000,[0.041888]
1742693197.000000,[0.041888]
1742693197.000000,[0.041888]
1742693197.000000,[0.041888]
1742693197.000000,[0.041888]
1742693197.000000,[0.041888]
1742693197.000000,[0.041888]
1742693197.000000,[0.052360]
1742693197.000000,[0.052360]
1742693197.000000,[0.052360]
1742693197.000000,[0.052360]
1742693197.000000,[0.052360]
1742693197.000000,[0.052360]
1742693197.000000,[0.052360]
1742693197.000000,[0.052360]
1742693197.000000,[0.052360]
1742693197.000000,[0.052360]
1742693197.000000,[0.052360]
1742693197.000000,[0.052360]
1742693197.000000,[0.052360]
1742693197.000000,[0.052360]
1742693197.000000,[0.052360]
1742693197.000000,[0.052360]
1742693197.000000,[0.052360]
1742693197.000000,[0.052360]
1742693197.000000,[0.052360]
1742693197.000000,[0.052360]
1742693197.000000,[0.052360]
1742693198.000000,[0.052360]
1742693198.000000,[0.052360]
1742693198.000000,[0.052360]
1742693198.000000,[0.052360]
1742693198.000000,[0.052360]
1742693198.000000,[0.052360]
1742693198.000000,[0.052360]
1742693198.000000,[0.052360]
1742693198.000000,[0.052360]
1742693198.000000,[0.052360]
1742693198.000000,[0.052360]
1742693198.000000,[0.052360]
1742693198.000000,[0.052360]
1742693198.000000,[0.052360]
1742693198.000000,[0.052360]
1742693198.000000,[0.052360]
1742693198.000000,[0.052360]
1742693198.000000,[0.052360]
1742693198.000000,[0.052360]
1742693198.000000,[0.052360]
1742693198.000000,[0.052360]
1742693198.000000,[0.052360]
1742693198.000000,[0.052360]
1742693198.000000,[0.052360]
1742693198.000000,[0.052360]
1742693198.000000,[0.052360]
1742693198.000000,[0.052360]
1742693198.000000,[0.052360]
1742693198.000000,[0.052360]
1742693198.000000,[0.052360]
1742693198.000000,[0.052360]
1742693198.000000,[0.052360]
1742693198.000000,[0.052360]
1742693198.000000,[0.052360]
1742693198.000000,[0.052360]
1742693198.000000,[0.052360]
1742693198.000000,[0.052360]
1742693198.000000,[0.052360]
1742693198.000000,[0.052360]
1742693198.000000,[0.052360]
1742693198.000000,[0.052360]
1742693198.000000,[0.052360]
1742693198.000000,[0.052360]
1742693198.000000,[0.052360]
1742693198.000000,[0.052360]
1742693198.000000,[0.052360]
1742693198.000000,[0.052360]
1742693198.000000,[0.052360]
1742693198.000000,[0.052360]
1742693198.000000,[0.052360]
1742693199.000000,[0.052360]
1742693199.000000,[0.052360]
1742693199.000000,[0.052360]
1742693199.000000,[0.052360]
1742693199.000000,[0.052360]
1742693199.000000,[0.052360]
1742693199.000000,[0.052360]
1742693199.000000,[0.052360]
1742693199.000000,[0.052360]
1742693199.000000,[0.052360]
1742693199.000000,[0.052360]
1742693199.000000,[0.052360]
1742693199.000000,[0.052360]
1742693199.000000,[0.052360]
1742693199.000000,[0.052360]
1742693199.000000,[0.052360]
1742693199.000000,[0.052360]
1742693199.000000,[0.052360]
1742693199.000000,[0.052360]
1742693199.000000,[0.052360]
1742693199.000000,[0.052360]
1742693199.000000,[0.052360]
1742693199.000000,[0.052360]
1742693199.000000,[0.052360]
1742693199.000000,[0.052360]
1742693199.000000,[0.052360]
1742693199.000000,[0.052360]
1742693199.000000,[0.052360]
1742693199.000000,[0.052360]
1742693199.000000,[0.052360]
1742693199.000000,[0.052360]
1742693199.000000,[0.052360]
1742693199.000000,[0.052360]
1742693199.000000,[0.052360]
1742693199.000000,[0.052360]
1742693199.000000,[0.052360]
1742693199.000000,[0.052360]
1742693199.000000,[0.052360]
1742693199.000000,[0.052360]
1742693199.000000,[0.052360]
1742693199.000000,[0.052360]
1742693199.000000,[0.052360]
1742693199.000000,[0.052360]
1742693199.000000,[0.052360]
1742693199.000000,[0.052360]
1742693199.000000,[0.052360]
1742693199.000000,[0.052360]
1742693199.000000,[0.052360]
1742693199.000000,[0.052360]
1742693199.000000,[0.052360]
1742693200.000000,[0.052360]
1742693200.000000,[0.052360]
1742693200.000000,[0.052360]
1742693200.000000,[0.052360]
1742693200.000000,[0.052360]
1742693200.000000,[0.052360]
1742693200.000000,[0.052360]
1742693200.000000,[0.052360]
1742693200.000000,[0.052360]
1742693200.000000,[0.052360]
1742693200.000000,[0.052360]
1742693200.000000,[0.052360]
1742693200.000000,[0.052360]
1742693200.000000,[0.052360]
1742693200.000000,[0.052360]
1742693200.000000,[0.052360]
1742693200.000000,[0.052360]
1742693200.000000,[0.052360]
1742693200.000000,[0.052360]
1742693200.000000,[0.052360]
1742693200.000000,[0.052360]
1742693200.000000,[0.052360]
1742693200.000000,[0.052360]
1742693200.000000,[0.052360]
1742693200.000000,[0.052360]
1742693200.000000,[0.052360]
1742693200.000000,[0.052360]
1742693200.000000,[0.052360]
1742693200.000000,[0.052360]
1742693200.000000,[0.052360]
1742693200.000000,[0.052360]
1742693200.000000,[0.052360]
1742693200.000000,[0.052360]
1742693200.000000,[0.052360]
1742693200.000000,[0.052360]
1742693200.000000,[0.052360]
1742693200.000000,[0.052360]
1742693200.000000,[0.052360]
1742693200.000000,[0.052360]
1742693200.000000,[0.052360]
1742693200.000000,[0.052360]
1742693200.000000,[0.052360]
1742693200.000000,[0.052360]
1742693200.000000,[0.052360]
1742693200.000000,[0.052360]
1742693200.000000,[0.052360]
1742693200.000000,[0.052360]
1742693200.000000,[0.052360]
1742693200.000000,[0.052360]
1742693200.000000,[0.052360]
1742693201.000000,[0.052360]
1742693201.000000,[0.052360]
1742693201.000000,[0.052360]
1742693201.000000,[0.052360]
1742693201.000000,[0.052360]
1742693201.000000,[0.052360]
1742693201.000000,[0.052360]
1742693201.000000,[0.052360]
1742693201.000000,[0.052360]
1742693201.000000,[0.052360]
1742693201.000000,[0.052360]
1742693201.000000,[0.052360]
1742693201.000000,[0.052360]
1742693201.000000,[0.052360]
1742693201.000000,[0.052360]
1742693201.000000,[0.052360]
1742693201.000000,[0.052360]
1742693201.000000,[0.052360]
1742693201.000000,[0.052360]
1742693201.000000,[0.052360]
1742693201.000000,[0.052360]
1742693201.000000,[0.052360]
1742693201.000000,[0.052360]
1742693201.000000,[0.052360]
1742693201.000000,[0.052360]
1742693201.000000,[0.052360]
1742693201.000000,[0.052360]
1742693201.000000,[0.052360]
1742693201.000000,[0.052360]
1742693201.000000,[0.052360]
1742693201.000000,[0.052360]
1742693201.000000,[0.052360]
1742693201.000000,[0.052360]
1742693201.000000,[0.052360]
1742693201.000000,[0.052360]
1742693201.000000,[0.052360]
1742693201.000000,[0.052360]
1742693201.000000,[0.052360]
1742693201.000000,[0.052360]
1742693201.000000,[0.052360]
1742693201.000000,[0.052360]
1742693201.000000,[0.052360]
1742693201.000000,[0.052360]
1742693201.000000,[0.052360]
1742693201.000000,[0.052360]
1742693201.000000,[0.052360]
1742693201.000000,[0.052360]
1742693201.000000,[0.052360]
1742693201.000000,[0.052360]
1742693201.000000,[0.052360]
1742693202.000000,[0.052360]
1742693202.000000,[0.052360]
1742693202.000000,[0.052360]
1742693202.000000,[0.052360]
1742693202.000000,[0.052360]
1742693202.000000,[0.052360]
1742693202.000000,[0.052360]
1742693202.000000,[0.052360]
1742693202.000000,[0.052360]
1742693202.000000,[0.052360]
1742693202.000000,[0.052360]
1742693202.000000,[0.052360]
1742693202.000000,[0.052360]
1742693202.000000,[0.052360]
1742693202.000000,[0.052360]
1742693202.000000,[0.052360]
1742693202.000000,[0.052360]
1742693202.000000,[0.052360]
1742693202.000000,[0.052360]
1742693202.000000,[0.052360]
1742693202.000000,[0.052360]
1742693202.000000,[0.052360]
1742693202.000000,[0.052360]
1742693202.000000,[0.052360]
1742693202.000000,[0.052360]
1742693202.000000,[0.052360]
1742693202.000000,[0.052360]
1742693202.000000,[0.052360]
1742693202.000000,[0.052360]
1742693202.000000,[0.052360]
1742693202.000000,[0.052360]
1742693202.000000,[0.052360]
1742693202.000000,[0.052360]
1742693202.000000,[0.052360]
1742693202.000000,[0.052360]
1742693202.000000,[0.052360]
1742693202.000000,[0.052360]
1742693202.000000,[0.052360]
1742693202.000000,[0.052360]
1742693202.000000,[0.052360]
1742693202.000000,[0.052360]
1742693202.000000,[0.052360]
1742693202.000000,[0.052360]
1742693202.000000,[0.052360]
1742693202.000000,[0.052360]
1742693202.000000,[0.052360]
1742693202.000000,[0.052360]
1742693202.000000,[0.052360]
1742693202.000000,[0.052360]
1742693202.000000,[0.052360]
1742693203.000000,[0.052360]
1742693203.000000,[0.052360]
